Workbook

Sheet Ввод 2026
A1: Итого | B1: =SUBTOTAL(109,B3:B199) -> 5980 | C1: =SUBTOTAL(109,C3:C199) -> 6037 | D1: =SUBTOTAL(109,D3:D199) -> 57
A2: Номенклатура | B2: 46022 | C2: 46053 | D2: Ввод 01.26
A3: Подъемник коленчатый дизельный Dingli BA16CRT2 | B3: =VLOOKUP(A3,'31.12.25'!A:F,2,FALSE) -> 17 | C3: =VLOOKUP(A3,'31.01.26'!A:F,6,FALSE) -> 17 | D3: =C3-B3 -> 0
A4: Подъемник коленчатый дизельный Dingli BA16СRT | B4: =VLOOKUP(A4,'31.12.25'!A:F,2,FALSE) -> 13 | C4: =VLOOKUP(A4,'31.01.26'!A:F,6,FALSE) -> 13 | D4: =C4-B4 -> 0
A5: Подъемник коленчатый дизельный Dingli BA18CRT | B5: =VLOOKUP(A5,'31.12.25'!A:F,2,FALSE) -> 14 | C5: =VLOOKUP(A5,'31.01.26'!A:F,6,FALSE) -> 14 | D5: =C5-B5 -> 0
A6: Подъемник коленчатый дизельный Dingli BA18CRT2 | B6: =VLOOKUP(A6,'31.12.25'!A:F,2,FALSE) -> 200 | C6: =VLOOKUP(A6,'31.01.26'!A:F,6,FALSE) -> 206 | D6: =C6-B6 -> 6
A7: Подъемник коленчатый дизельный Dingli BA22CRT | B7: =VLOOKUP(A7,'31.12.25'!A:F,2,FALSE) -> 15 | C7: =VLOOKUP(A7,'31.01.26'!A:F,6,FALSE) -> 15 | D7: =C7-B7 -> 0
A8: Подъемник коленчатый дизельный Dingli BA22CRT2 | B8: =VLOOKUP(A8,'31.12.25'!A:F,2,FALSE) -> 29 | C8: =VLOOKUP(A8,'31.01.26'!A:F,6,FALSE) -> 29 | D8: =C8-B8 -> 0
A9: Подъемник коленчатый дизельный Dingli BA22CRT2 4WS | B9: =VLOOKUP(A9,'31.12.25'!A:F,2,FALSE) -> 48 | C9: =VLOOKUP(A9,'31.01.26'!A:F,6,FALSE) -> 48 | D9: =C9-B9 -> 0
A10: Подъемник коленчатый дизельный Dingli BA28BRT | B10: =VLOOKUP(A10,'31.12.25'!A:F,2,FALSE) -> 10 | C10: =VLOOKUP(A10,'31.01.26'!A:F,6,FALSE) -> 15 | D10: =C10-B10 -> 5
A11: Подъемник коленчатый дизельный Dingli BA28RT | B11: =VLOOKUP(A11,'31.12.25'!A:F,2,FALSE) -> 87 | C11: =VLOOKUP(A11,'31.01.26'!A:F,6,FALSE) -> 87 | D11: =C11-B11 -> 0
A12: Подъемник коленчатый дизельный Dingli BA36RT | B12: =VLOOKUP(A12,'31.12.25'!A:F,2,FALSE) -> 32 | C12: =VLOOKUP(A12,'31.01.26'!A:F,6,FALSE) -> 32 | D12: =C12-B12 -> 0
A13: Подъемник коленчатый дизельный Dingli BA41RT | B13: =VLOOKUP(A13,'31.12.25'!A:F,2,FALSE) -> 22 | C13: =VLOOKUP(A13,'31.01.26'!A:F,6,FALSE) -> 22 | D13: =C13-B13 -> 0
A14: Подъемник коленчатый дизельный Dingli BA44RT | B14: =VLOOKUP(A14,'31.12.25'!A:F,2,FALSE) -> 94 | C14: =VLOOKUP(A14,'31.01.26'!A:F,6,FALSE) -> 94 | D14: =C14-B14 -> 0
... A142: Подъемник ножничный электрический Sinoboom 0608N | B142: =VLOOKUP(A142,'31.12.25'!A:F,2,FALSE) -> 3 | C142: =VLOOKUP(A142,'31.01.26'!A:F,6,FALSE) -> 3 | D142: =C142-B142 -> 0
A143: Подъемник ножничный электрический Sinoboom 0608N-Li | B143: 0 | C143: 0 | D143: =C143-B143 -> 0
A144: Подъемник ножничный электрический Sinoboom 0808N | B144: =VLOOKUP(A144,'31.12.25'!A:F,2,FALSE) -> 24 | C144: =VLOOKUP(A144,'31.01.26'!A:F,6,FALSE) -> 24 | D144: =C144-B144 -> 0
A145: Подъемник ножничный электрический Sinoboom 0808N-Li | B145: =VLOOKUP(A145,'31.12.25'!A:F,2,FALSE) -> 8 | C145: =VLOOKUP(A145,'31.01.26'!A:F,6,FALSE) -> 8 | D145: =C145-B145 -> 0
A146: Подъемник ножничный электрический Sinoboom 1012N | B146: =VLOOKUP(A146,'31.12.25'!A:F,2,FALSE) -> 18 | C146: =VLOOKUP(A146,'31.01.26'!A:F,6,FALSE) -> 18 | D146: =C146-B146 -> 0
A147: Подъемник ножничный электрический Sinoboom 1012N-Li | B147: =VLOOKUP(A147,'31.12.25'!A:F,2,FALSE) -> 4 | C147: =VLOOKUP(A147,'31.01.26'!A:F,6,FALSE) -> 4 | D147: =C147-B147 -> 0
A148: Подъемник ножничный электрический Sinoboom 1212N | B148: =VLOOKUP(A148,'31.12.25'!A:F,2,FALSE) -> 18 | C148: =VLOOKUP(A148,'31.01.26'!A:F,6,FALSE) -> 18 | D148: =C148-B148 -> 0
A149: Подъемник ножничный электрический Sinoboom 1212N-Li | B149: =VLOOKUP(A149,'31.12.25'!A:F,2,FALSE) -> 17 | C149: =VLOOKUP(A149,'31.01.26'!A:F,6,FALSE) -> 17 | D149: =C149-B149 -> 0
A150: Подъемник ножничный электрический Sinoboom 1414Plus | B150: =VLOOKUP(A150,'31.12.25'!A:F,2,FALSE) -> 17 | C150: =VLOOKUP(A150,'31.01.26'!A:F,6,FALSE) -> 17 | D150: =C150-B150 -> 0
A151: Подъемник ножничный электрический Sinoboom 1414Plus-Li | B151: =VLOOKUP(A151,'31.12.25'!A:F,2,FALSE) -> 5 | C151: =VLOOKUP(A151,'31.01.26'!A:F,6,FALSE) -> 5 | D151: =C151-B151 -> 0
A152: Подъемник ножничный электрический Sinoboom GTJZ0808 | B152: =VLOOKUP(A152,'31.12.25'!A:F,2,FALSE) -> 20 | C152: =VLOOKUP(A152,'31.01.26'!A:F,6,FALSE) -> 20 | D152: =C152-B152 -> 0
A153: Подъемник ножничный электрический Sinoboom GTJZ1212 | B153: =VLOOKUP(A153,'31.12.25'!A:F,2,FALSE) -> 17 | C153: =VLOOKUP(A153,'31.01.26'!A:F,6,FALSE) -> 17 | D153: =C153-B153 -> 0
A154: Подъемник ножничный электрический Sinoboom GTJZ1412 | B154: =VLOOKUP(A154,'31.12.25'!A:F,2,FALSE) -> 16 | C154: =VLOOKUP(A154,'31.01.26'!A:F,6,FALSE) -> 16 | D154: =C154-B154 -> 0
A155: Подъемник ножничный электрический Zoomlion ZS0407DC | B155: =VLOOKUP(A155,'31.12.25'!A:F,2,FALSE) -> 9 | C155: =VLOOKUP(A155,'31.01.26'!A:F,6,FALSE) -> 9 | D155: =C155-B155 -> 0
... A199: Подъёмник телескопический дизельный Zoomlion ZT58J | B199: =VLOOKUP(A199,'31.12.25'!A:F,2,FALSE) -> 1 | C199: =VLOOKUP(A199,'31.01.26'!A:F,6,FALSE) -> 1 | D199: =C199-B199 -> 0

Sheet 31.01.26
A1: Номенклатура | B1: Итого
B2: В аренде, шт | C2: На складе, шт | D2: Рем зона | E2: Брак | F2: Всего, шт | G2: Утилизация без брака, % | H2: Утилизация, %
A3: Подъемник коленчатый дизельный Dingli BA16CRT2 | B3: 13 | C3: 4 | F3: 17 | G3: 76.47 | H3: 76.47
A4: Подъемник коленчатый дизельный Dingli BA16СRT | B4: 10 | C4: 3 | F4: 13 | G4: 76.92 | H4: 76.92
A5: Подъемник коленчатый дизельный Dingli BA18CRT | B5: 11 | C5: 2 | F5: 14 | G5: 84.62 | H5: 84.62
A6: Подъемник коленчатый дизельный Dingli BA18CRT2 | B6: 167 | C6: 35 | D6: 4 | F6: 206 | G6: 81.07 | H6: 81.07
A7: Подъемник коленчатый дизельный Dingli BA22CRT | B7: 9 | C7: 6 | F7: 15 | G7: 60 | H7: 60
A8: Подъемник коленчатый дизельный Dingli BA22CRT2 | B8: 25 | C8: 4 | F8: 29 | G8: 86.21 | H8: 86.21
A9: Подъемник коленчатый дизельный Dingli BA22CRT2 4WS | B9: 37 | C9: 11 | F9: 48 | G9: 77.08 | H9: 77.08
A10: Подъемник коленчатый дизельный Dingli BA28BRT | B10: 13 | C10: 2 | F10: 15 | G10: 86.67 | H10: 86.67
A11: Подъемник коленчатый дизельный Dingli BA28RT | B11: 73 | C11: 12 | D11: 1 | E11: 1 | F11: 87 | G11: 84.88 | H11: 83.91
A12: Подъемник коленчатый дизельный Dingli BA36RT | B12: 19 | C12: 13 | F12: 32 | G12: 59.38 | H12: 59.38
A13: Подъемник коленчатый дизельный Dingli BA41RT | B13: 20 | C13: 2 | F13: 22 | G13: 90.91 | H13: 90.91
A14: Подъемник коленчатый дизельный Dingli BA44RT | B14: 77 | C14: 14 | D14: 2 | E14: 1 | F14: 94 | G14: 82.8 | H14: 81.91
A15: Подъемник коленчатый дизельный Genie Z-45/25 | B15: 0 | C15: 1 | F15: 1 | H15: 0
A16: Подъемник коленчатый дизельный Genie Z-51/30J | B16: 5 | C16: 1 | F16: 6 | G16: 83.33 | H16: 83.33
A17: Подъемник коленчатый дизельный Genie Z-62/40 | B17: 2 | F17: 2 | G17: 100 | H17: 100
A18: Подъемник коленчатый дизельный HAULOTTE HA16RTJ | B18: 1 | C18: 1 | F18: 2 | G18: 50 | H18: 50
A19: Подъемник коленчатый дизельный HAULOTTE HA20RTJ | B19: 4 | C19: 3 | F19: 7 | G19: 57.14 | H19: 57.14
A20: Подъемник коленчатый дизельный HAULOTTE HA26RTJ PRO | B20: 3 | C20: 3 | F20: 6 | G20: 50 | H20: 50
A21: Подъемник коленчатый дизельный JLG 520AJ | B21: 4 | C21: 3 | D21: 1 | E21: 1 | F21: 9 | G21: 50 | H21: 44.44
A22: Подъемник коленчатый дизельный JLG 600AJ | B22: 1 | D22: 2 | F22: 3 | G22: 33.33 | H22: 33.33
A23: Подъемник коленчатый дизельный LGMG AR14J | B23: 5 | C23: 6 | D23: 2 | F23: 13 | G23: 38.46 | H23: 38.46
A24: Подъемник коленчатый дизельный LGMG AR16J | B24: 8 | C24: 12 | D24: 1 | E24: 1 | F24: 22 | G24: 38.1 | H24: 36.36
A25: Подъемник коленчатый дизельный MANITOU 180 ATJ | B25: 1 | F25: 1 | G25: 100 | H25: 100
A26: Подъемник коленчатый дизельный MANITOU 200 ATJ-X | B26: 2 | C26: 1 | F26: 3 | G26: 66.67 | H26: 66.67
A27: Подъемник коленчатый дизельный Sinoboom AB15J | B27: 70 | C27: 26 | D27: 1 | E27: 1 | F27: 98 | G27: 72.16 | H27: 71.43
A28: Подъемник коленчатый дизельный Sinoboom AB18J | B28: 112 | C28: 33 | D28: 4 | E28: 1 | F28: 150 | G28: 75.17 | H28: 74.67
A29: Подъемник коленчатый дизельный Sinoboom AB22J Plus | B29: 44 | C29: 5 | F29: 49 | G29: 89.8 | H29: 89.8
A30: Подъёмник коленчатый дизельный Sinoboom AB25J | B30: 1 | C30: 4 | F30: 5 | G30: 20 | H30: 20
A31: Подъемник коленчатый дизельный Sinoboom AB26J Plus | B31: 81 | C31: 31 | D31: 1 | E31: 1 | F31: 114 | G31: 71.68 | H31: 71.05
A32: Подъемник коленчатый дизельный Sinoboom AB46RJ | B32: 35 | F32: 35 | G32: 100 | H32: 100
A33: Подъемник коленчатый дизельный Zoomlion ZA14J | B33: 164 | C33: 62 | D33: 2 | F33: 228 | G33: 71.93 | H33: 71.93
A34: Подъемник коленчатый дизельный Zoomlion ZA16J | B34: 15 | C34: 5 | F34: 20 | G34: 75 | H34: 75
A35: Подъемник коленчатый дизельный Zoomlion ZA20J | B35: 216 | C35: 32 | D35: 2 | E35: 1 | F35: 251 | G35: 86.4 | H35: 86.06
A36: Подъемник коленчатый дизельный Zoomlion ZA24J | B36: 117 | C36: 57 | D36: 1 | E36: 3 | F36: 178 | G36: 66.86 | H36: 65.73
A37: Подъемник коленчатый дизельный Zoomlion ZA32J | B37: 153 | C37: 30 | D37: 1 | E37: 3 | F37: 187 | G37: 83.15 | H37: 81.82
A38: Подъемник коленчатый дизельный Zoomlion ZA42J | B38: 4 | C38: 4 | F38: 8 | G38: 50 | H38: 50
A39: Подъемник коленчатый электрический Aurora ART3.8JE(F) | B39: 63 | C39: 11 | E39: 1 | F39: 75 | G39: 85.14 | H39: 84
A40: Подъемник коленчатый электрический Dingli BA18NE | B40: 14 | C40: 9 | F40: 23 | G40: 60.87 | H40: 60.87
A41: Подъемник коленчатый электрический Dingli BA22CERT2 | B41: 10 | C41: 2 | D41: 1 | F41: 13 | G41: 76.92 | H41: 76.92
A42: Подъемник коленчатый электрический Dingli BA22ERT | B42: 3 | C42: 4 | F42: 7 | G42: 42.86 | H42: 42.86
A43: Подъемник коленчатый электрический Genie Z-33/18 | B43: 11 | C43: 3 | E43: 2 | F43: 16 | G43: 78.57 | H43: 68.75
A44: Подъемник коленчатый электрический Genie Z-45/25J DC | B44: 5 | C44: 8 | F44: 13 | G44: 38.46 | H44: 38.46
A45: Подъемник коленчатый электрический HAULOTTE HA12 IP | B45: 1 | F45: 1 | G45: 100 | H45: 100
A46: Подъемник коленчатый электрический HAULOTTE HA15 IP | B46: 5 | C46: 1 | E46: 1 | F46: 7 | G46: 83.33 | H46: 71.43
A47: Подъемник коленчатый электрический JLG E450AJ | B47: 2 | F47: 2 | G47: 100 | H47: 100
A48: Подъемник коленчатый электрический LGMG A14JE | B48: 10 | C48: 5 | F48: 15 | G48: 66.67 | H48: 66.67
A49: Подъемник коленчатый электрический Sinoboom AB14EJ | B49: 42 | C49: 19 | F49: 61 | G49: 68.85 | H49: 68.85
A50: Подъемник коленчатый электрический Sinoboom AB16EJ | B50: 54 | C50: 34 | F50: 88 | G50: 61.36 | H50: 61.36
A51: Подъемник коленчатый электрический Sinoboom AB18EJ | B51: 1 | C51: 1 | F51: 2 | G51: 50 | H51: 50
A52: Подъемник коленчатый электрический Sinoboom AB22EJ Plus | B52: 4 | F52: 4 | G52: 100 | H52: 100
A53: Подъемник коленчатый электрический Zoomlion ZA10RJE | B53: 2 | F53: 2 | G53: 100 | H53: 100
A54: Подъемник коленчатый электрический Zoomlion ZA14JE | B54: 29 | C54: 5 | D54: 2 | E54: 1 | F54: 37 | G54: 80.56 | H54: 78.38
A55: Подъемник коленчатый электрический Zoomlion ZA14NJE | B55: 21 | C55: 6 | F55: 27 | G55: 77.78 | H55: 77.78
A56: Подъемник коленчатый электрический Zoomlion ZA20JE | B56: 3 | C56: 4 | F56: 7 | G56: 42.86 | H56: 42.86
A57: Подъемник коленчатый электрический Zoomlion ZA20JERT | B57: 29 | C57: 7 | F57: 36 | G57: 80.56 | H57: 80.56
A58: Подъемник коленчатый электрический Zoomlion ZA20JERT-Li | B58: 1 | F58: 1 | G58: 100 | H58: 100
A59: Подъемник мачтовый электрический Aurora AMWP3.6-6100 (Rees) | B59: 1 | C59: 3 | D59: 1 | F59: 5 | G59: 20 | H59: 20
A60: Подъемник мачтовый электрический Aurora AMWP4.8-6100 (Rees) | B60: 3 | C60: 1 | E60: 1 | F60: 5 | G60: 75 | H60: 60
A61: Подъемник мачтовый электрический Aurora AMWP7.5-1100 (Rees) | B61: 0 | E61: 1 | F61: 1 | H61: 0
A62: Подъемник мачтовый электрический Aurora AMWP7.5-2100 (Rees) | B62: 0 | C62: 2 | F62: 2 | H62: 0
A63: Подъемник мачтовый электрический Aurora AMWP9-2100 (Rees) | B63: 1 | F63: 1 | G63: 100 | H63: 100
A64: Подъемник мачтовый электрический Dingli AMWP11.5-8100 | B64: 4 | C64: 3 | E64: 1 | F64: 8 | G64: 57.14 | H64: 50
A65: Подъемник мачтовый электрический Dingli AMWP11.5-8100AC | B65: 10 | C65: 4 | E65: 2 | F65: 16 | G65: 71.43 | H65: 62.5
A66: Подъемник мачтовый электрический Dingli AMWP11.5-8200AC | B66: 17 | C66: 7 | F66: 24 | G66: 70.83 | H66: 70.83
A67: Подъемник мачтовый электрический Sinoboom ML08EJ | B67: 7 | C67: 2 | F67: 9 | G67: 77.78 | H67: 77.78
A68: Подъемник ножничный дизельный Aurora AS2023RT(S) | B68: 16 | C68: 15 | F68: 31 | G68: 51.61 | H68: 51.61
A69: Подъемник ножничный дизельный Dingli JCPT1218RT | B69: 1 | C69: 1 | F69: 2 | G69: 50 | H69: 50
A70: Подъемник ножничный дизельный Dingli JCPT1418RT | B70: 82 | C70: 70 | D70: 2 | F70: 154 | G70: 53.25 | H70: 53.25
A71: Подъемник ножничный дизельный Dingli JCPT1823RTB | B71: 6 | C71: 5 | F71: 11 | G71: 54.55 | H71: 54.55
A72: Подъемник ножничный дизельный Dingli JCPT1823RTL | B72: 22 | C72: 11 | D72: 1 | F72: 34 | G72: 64.71 | H72: 64.71
A73: Подъемник ножничный дизельный LGMG AS1623RT | B73: 0 | C73: 1 | F73: 1 | H73: 0
A74: Подъемник ножничный дизельный LGMG SR1018D | B74: 0 | C74: 6 | F74: 6 | H74: 0
A75: Подъемник ножничный дизельный LGMG SR1023D | B75: 0 | C75: 1 | F75: 1 | H75: 0
A76: Подъемник ножничный дизельный LGMG SR1218D | B76: 5 | C76: 10 | D76: 1 | F76: 16 | G76: 31.25 | H76: 31.25
A77: Подъемник ножничный дизельный LGMG SR1323D | B77: 6 | C77: 3 | F77: 9 | G77: 66.67 | H77: 66.67
A78: Подъемник ножничный дизельный LGMG SR1623D | B78: 41 | C78: 30 | E78: 2 | F78: 73 | G78: 57.75 | H78: 56.16
A79: Подъемник ножничный дизельный Sinoboom 1323RD | B79: 5 | C79: 7 | F79: 12 | G79: 41.67 | H79: 41.67
A80: Подъемник ножничный дизельный Sinoboom 1623RD | B80: 83 | C80: 41 | D80: 1 | E80: 1 | F80: 126 | G80: 66.4 | H80: 65.87
A81: Подъемник ножничный дизельный Sunward SWSL1823RT | B81: 29 | C81: 7 | F81: 36 | G81: 80.56 | H81: 80.56
A82: Подъемник ножничный дизельный Sunward SWSL2023RT | B82: 15 | C82: 8 | F82: 23 | G82: 65.22 | H82: 65.22
A83: Подъемник ножничный дизельный Zoomlion ZS1623RT | B83: 107 | C83: 47 | D83: 2 | E83: 2 | F83: 158 | G83: 68.59 | H83: 67.72
A84: Подъемник ножничный электрический Aurora AS0607(H)-Li | B84: 100 | C84: 40 | E84: 4 | F84: 144 | G84: 71.43 | H84: 69.44
A85: Подъемник ножничный электрический Aurora AS0607W(H) | B85: 4 | C85: 4 | F85: 8 | G85: 50 | H85: 50
A86: Подъемник ножничный электрический Aurora AS0607W(H)-Li | B86: 45 | C86: 15 | E86: 1 | F86: 61 | G86: 75 | H86: 73.77
A87: Подъемник ножничный электрический Aurora AS0608(CF) | B87: 14 | C87: 4 | F87: 18 | G87: 77.78 | H87: 77.78
A88: Подъемник ножничный электрический Aurora AS0808 (RS) | B88: 64 | C88: 37 | E88: 1 | F88: 102 | G88: 63.37 | H88: 62.75
A89: Подъемник ножничный электрический Aurora AS0808(H) | B89: 33 | C89: 27 | E89: 1 | F89: 61 | G89: 55 | H89: 54.1
A90: Подъемник ножничный электрический Aurora AS0808(H)-Li | B90: 45 | C90: 31 | D90: 1 | F90: 77 | G90: 58.44 | H90: 58.44
A91: Подъемник ножничный электрический Aurora AS0812(H) | B91: 33 | C91: 19 | D91: 1 | F91: 53 | G91: 62.26 | H91: 62.26
A92: Подъемник ножничный электрический Aurora AS0812(H)-Li | B92: 37 | C92: 28 | F92: 65 | G92: 56.92 | H92: 56.92
A93: Подъемник ножничный электрический Aurora AS1012 (RS) | B93: 16 | C93: 7 | F93: 23 | G93: 69.57 | H93: 69.57
A94: Подъемник ножничный электрический Aurora AS1012(H) | B94: 51 | C94: 20 | D94: 1 | F94: 72 | G94: 70.83 | H94: 70.83
A95: Подъемник ножничный электрический Aurora AS1012(H)-Li | B95: 112 | C95: 52 | D95: 3 | E95: 3 | F95: 170 | G95: 67.07 | H95: 65.88
A96: Подъемник ножничный электрический Aurora AS1212 (RS) | B96: 21 | C96: 6 | F96: 27 | G96: 77.78 | H96: 77.78
A97: Подъемник ножничный электрический Aurora AS1212(H) | B97: 58 | C97: 8 | D97: 2 | F97: 68 | G97: 85.29 | H97: 85.29
A98: Подъемник ножничный электрический Aurora AS1212(H)-Li | B98: 109 | C98: 28 | D98: 1 | F98: 138 | G98: 78.99 | H98: 78.99
A99: Подъемник ножничный электрический Aurora AS1412 (RS) | B99: 76 | C99: 43 | F99: 119 | G99: 63.87 | H99: 63.87
A100: Подъемник ножничный электрический Aurora AS1413(H) | B100: 49 | C100: 18 | D100: 1 | F100: 68 | G100: 72.06 | H100: 72.06
...

Sheet Ввод 2025
A1: Итого | B1: =SUBTOTAL(109,B3:B199) -> 2944 | C1: =SUBTOTAL(109,C3:C199) -> 3002 | D1: =SUBTOTAL(109,D3:D199) -> 58 | E1: =SUBTOTAL(109,E3:E199) -> 3186 | F1: =SUBTOTAL(109,F3:F199) -> 184 | G1: =SUBTOTAL(109,G3:G199) -> 3275 | H1: =SUBTOTAL(109,H3:H199) -> 89 | I1: =SUBTOTAL(109,I3:I199) -> 3483 | ... AA1: =SUBTOTAL(109,AA3:AA199) -> 3036
A2: Номенклатура | B2: 45657 | C2: 45688 | D2: Ввод 01.25 | E2: 45716 | F2: Ввод 02.25 | G2: 45747 | H2: Ввод 03.25 | I2: 45777 | J2: Ввод 04.25 | K2: 45808 | L2: Ввод 05.25 | M2: 45838 | N2: Ввод 06.25 | O2: 45869 | P2: Ввод 07.25 | Q2: 45900 | R2: Ввод 08.25 | S2: 45930 | T2: Ввод 09.25 | U2: 45961 | V2: Ввод 10.25 | W2: 45991 | X2: Ввод 11.25 | Y2: 46022 | Z2: Ввод 12.25 | AA2: Ввод 2025
A3: Подъемник мачтовый электрический Aurora AMWP3.6-6100 (Rees) | B3: =VLOOKUP(A3,'31.12.24'!A:F,6,FALSE) -> 5 | C3: =VLOOKUP(A3,'31.01.25'!A:F,6,FALSE) -> 5 | D3: =C3-B3 -> 0 | E3: =VLOOKUP(A3,'28.02.25'!A:F,6,FALSE) -> 5 | F3: =E3-C3 -> 0 | G3: =VLOOKUP(A3,'31.03.25'!A:F,6,FALSE) -> 5 | H3: =G3-E3 -> 0 | I3: =VLOOKUP(A3,'30.04.25'!A:F,6,FALSE) -> 5 | J3: =I3-G3 -> 0 | K3: =VLOOKUP(A3,'31.05.25'!A:F,6,FALSE) -> 5 | L3: =K3-I3 -> 0 | M3: =VLOOKUP(A3,'30.06.25'!A:F,6,FALSE) -> 5 | N3: =M3-K3 -> 0 | O3: =VLOOKUP(A3,'31.07.25'!A:F,6,FALSE) -> 5 | P3: =O3-M3 -> 0 | Q3: =VLOOKUP(A3,'31.08.25'!A:F,6,FALSE) -> 5 | R3: =Q3-O3 -> 0 | S3: =VLOOKUP(A3,'30.09.25'!A:F,6,FALSE) -> 5 | T3: =S3-Q3 -> 0 | U3: =VLOOKUP(A3,'31.10.25'!A:F,6,FALSE) -> 5 | V3: =U3-S3 -> 0 | W3: =VLOOKUP(A3,'30.11.25'!A:F,6,FALSE) -> 5 | X3: =W3-U3 -> 0 | Y3: =VLOOKUP(A3,'31.12.25'!A:B,2,FALSE) -> 5 | Z3: =Y3-W3 -> 0 | AA3: =Y3-B3 -> 0
A4: Подъемник мачтовый электрический Aurora AMWP4.8-6100 (Rees) | B4: =VLOOKUP(A4,'31.12.24'!A:F,6,FALSE) -> 6 | C4: =VLOOKUP(A4,'31.01.25'!A:F,6,FALSE) -> 6 | D4: =C4-B4 -> 0 | E4: =VLOOKUP(A4,'28.02.25'!A:F,6,FALSE) -> 6 | F4: =E4-C4 -> 0 | G4: =VLOOKUP(A4,'31.03.25'!A:F,6,FALSE) -> 6 | H4: =G4-E4 -> 0 | I4: =VLOOKUP(A4,'30.04.25'!A:F,6,FALSE) -> 6 | J4: =I4-G4 -> 0 | K4: =VLOOKUP(A4,'31.05.25'!A:F,6,FALSE) -> 6 | L4: =K4-I4 -> 0 | M4: =VLOOKUP(A4,'30.06.25'!A:F,6,FALSE) -> 5 | N4: =M4-K4 -> -1 | O4: =VLOOKUP(A4,'31.07.25'!A:F,6,FALSE) -> 5 | P4: =O4-M4 -> 0 | Q4: =VLOOKUP(A4,'31.08.25'!A:F,6,FALSE) -> 5 | R4: =Q4-O4 -> 0 | S4: =VLOOKUP(A4,'30.09.25'!A:F,6,FALSE) -> 5 | T4: =S4-Q4 -> 0 | U4: =VLOOKUP(A4,'31.10.25'!A:F,6,FALSE) -> 5 | V4: =U4-S4 -> 0 | W4: =VLOOKUP(A4,'30.11.25'!A:F,6,FALSE) -> 5 | X4: =W4-U4 -> 0 | Y4: =VLOOKUP(A4,'31.12.25'!A:B,2,FALSE) -> 5 | Z4: =Y4-W4 -> 0 | AA4: =Y4-B4 -> -1
A5: Подъемник мачтовый электрический Aurora AMWP7.5-1100 (Rees) | B5: =VLOOKUP(A5,'31.12.24'!A:F,6,FALSE) -> 1 | C5: =VLOOKUP(A5,'31.01.25'!A:F,6,FALSE) -> 1 | D5: =C5-B5 -> 0 | E5: =VLOOKUP(A5,'28.02.25'!A:F,6,FALSE) -> 1 | F5: =E5-C5 -> 0 | G5: =VLOOKUP(A5,'31.03.25'!A:F,6,FALSE) -> 1 | H5: =G5-E5 -> 0 | I5: =VLOOKUP(A5,'30.04.25'!A:F,6,FALSE) -> 1 | J5: =I5-G5 -> 0 | K5: =VLOOKUP(A5,'31.05.25'!A:F,6,FALSE) -> 1 | L5: =K5-I5 -> 0 | M5: =VLOOKUP(A5,'30.06.25'!A:F,6,FALSE) -> 1 | N5: =M5-K5 -> 0 | O5: =VLOOKUP(A5,'31.07.25'!A:F,6,FALSE) -> 1 | P5: =O5-M5 -> 0 | Q5: =VLOOKUP(A5,'31.08.25'!A:F,6,FALSE) -> 1 | R5: =Q5-O5 -> 0 | S5: =VLOOKUP(A5,'30.09.25'!A:F,6,FALSE) -> 1 | T5: =S5-Q5 -> 0 | U5: =VLOOKUP(A5,'31.10.25'!A:F,6,FALSE) -> 1 | V5: =U5-S5 -> 0 | W5: =VLOOKUP(A5,'30.11.25'!A:F,6,FALSE) -> 1 | X5: =W5-U5 -> 0 | Y5: =VLOOKUP(A5,'31.12.25'!A:B,2,FALSE) -> 1 | Z5: =Y5-W5 -> 0 | AA5: =Y5-B5 -> 0
A6: Подъемник мачтовый электрический Aurora AMWP7.5-2100 (Rees) | B6: =VLOOKUP(A6,'31.12.24'!A:F,6,FALSE) -> 2 | C6: =VLOOKUP(A6,'31.01.25'!A:F,6,FALSE) -> 2 | D6: =C6-B6 -> 0 | E6: =VLOOKUP(A6,'28.02.25'!A:F,6,FALSE) -> 2 | F6: =E6-C6 -> 0 | G6: =VLOOKUP(A6,'31.03.25'!A:F,6,FALSE) -> 2 | H6: =G6-E6 -> 0 | I6: =VLOOKUP(A6,'30.04.25'!A:F,6,FALSE) -> 2 | J6: =I6-G6 -> 0 | K6: =VLOOKUP(A6,'31.05.25'!A:F,6,FALSE) -> 2 | L6: =K6-I6 -> 0 | M6: =VLOOKUP(A6,'30.06.25'!A:F,6,FALSE) -> 2 | N6: =M6-K6 -> 0 | O6: =VLOOKUP(A6,'31.07.25'!A:F,6,FALSE) -> 2 | P6: =O6-M6 -> 0 | Q6: =VLOOKUP(A6,'31.08.25'!A:F,6,FALSE) -> 2 | R6: =Q6-O6 -> 0 | S6: =VLOOKUP(A6,'30.09.25'!A:F,6,FALSE) -> 2 | T6: =S6-Q6 -> 0 | U6: =VLOOKUP(A6,'31.10.25'!A:F,6,FALSE) -> 2 | V6: =U6-S6 -> 0 | W6: =VLOOKUP(A6,'30.11.25'!A:F,6,FALSE) -> 2 | X6: =W6-U6 -> 0 | Y6: =VLOOKUP(A6,'31.12.25'!A:B,2,FALSE) -> 2 | Z6: =Y6-W6 -> 0 | AA6: =Y6-B6 -> 0
A7: Подъемник мачтовый электрический Aurora AMWP9-2100 (Rees) | B7: =VLOOKUP(A7,'31.12.24'!A:F,6,FALSE) -> 1 | C7: =VLOOKUP(A7,'31.01.25'!A:F,6,FALSE) -> 1 | D7: =C7-B7 -> 0 | E7: =VLOOKUP(A7,'28.02.25'!A:F,6,FALSE) -> 1 | F7: =E7-C7 -> 0 | G7: =VLOOKUP(A7,'31.03.25'!A:F,6,FALSE) -> 1 | H7: =G7-E7 -> 0 | I7: =VLOOKUP(A7,'30.04.25'!A:F,6,FALSE) -> 1 | J7: =I7-G7 -> 0 | K7: =VLOOKUP(A7,'31.05.25'!A:F,6,FALSE) -> 1 | L7: =K7-I7 -> 0 | M7: =VLOOKUP(A7,'30.06.25'!A:F,6,FALSE) -> 1 | N7: =M7-K7 -> 0 | O7: =VLOOKUP(A7,'31.07.25'!A:F,6,FALSE) -> 1 | P7: =O7-M7 -> 0 | Q7: =VLOOKUP(A7,'31.08.25'!A:F,6,FALSE) -> 1 | R7: =Q7-O7 -> 0 | S7: =VLOOKUP(A7,'30.09.25'!A:F,6,FALSE) -> 1 | T7: =S7-Q7 -> 0 | U7: =VLOOKUP(A7,'31.10.25'!A:F,6,FALSE) -> 1 | V7: =U7-S7 -> 0 | W7: =VLOOKUP(A7,'30.11.25'!A:F,6,FALSE) -> 1 | X7: =W7-U7 -> 0 | Y7: =VLOOKUP(A7,'31.12.25'!A:B,2,FALSE) -> 1 | Z7: =Y7-W7 -> 0 | AA7: =Y7-B7 -> 0
A8: Подъемник коленчатый дизельный Dingli BA16CRT2 | B8: =VLOOKUP(A8,'31.12.24'!A:F,6,FALSE) -> 17 | C8: =VLOOKUP(A8,'31.01.25'!A:F,6,FALSE) -> 17 | D8: =C8-B8 -> 0 | E8: =VLOOKUP(A8,'28.02.25'!A:F,6,FALSE) -> 17 | F8: =E8-C8 -> 0 | G8: =VLOOKUP(A8,'31.03.25'!A:F,6,FALSE) -> 17 | H8: =G8-E8 -> 0 | I8: =VLOOKUP(A8,'30.04.25'!A:F,6,FALSE) -> 17 | J8: =I8-G8 -> 0 | K8: =VLOOKUP(A8,'31.05.25'!A:F,6,FALSE) -> 17 | L8: =K8-I8 -> 0 | M8: =VLOOKUP(A8,'30.06.25'!A:F,6,FALSE) -> 17 | N8: =M8-K8 -> 0 | O8: =VLOOKUP(A8,'31.07.25'!A:F,6,FALSE) -> 17 | P8: =O8-M8 -> 0 | Q8: =VLOOKUP(A8,'31.08.25'!A:F,6,FALSE) -> 17 | R8: =Q8-O8 -> 0 | S8: =VLOOKUP(A8,'30.09.25'!A:F,6,FALSE) -> 17 | T8: =S8-Q8 -> 0 | U8: =VLOOKUP(A8,'31.10.25'!A:F,6,FALSE) -> 17 | V8: =U8-S8 -> 0 | W8: =VLOOKUP(A8,'30.11.25'!A:F,6,FALSE) -> 17 | X8: =W8-U8 -> 0 | Y8: =VLOOKUP(A8,'31.12.25'!A:B,2,FALSE) -> 17 | Z8: =Y8-W8 -> 0 | AA8: =Y8-B8 -> 0
A9: Подъемник коленчатый дизельный Dingli BA16СRT | B9: =VLOOKUP(A9,'31.12.24'!A:F,6,FALSE) -> 13 | C9: =VLOOKUP(A9,'31.01.25'!A:F,6,FALSE) -> 13 | D9: =C9-B9 -> 0 | E9: =VLOOKUP(A9,'28.02.25'!A:F,6,FALSE) -> 13 | F9: =E9-C9 -> 0 | G9: =VLOOKUP(A9,'31.03.25'!A:F,6,FALSE) -> 13 | H9: =G9-E9 -> 0 | I9: =VLOOKUP(A9,'30.04.25'!A:F,6,FALSE) -> 13 | J9: =I9-G9 -> 0 | K9: =VLOOKUP(A9,'31.05.25'!A:F,6,FALSE) -> 13 | L9: =K9-I9 -> 0 | M9: =VLOOKUP(A9,'30.06.25'!A:F,6,FALSE) -> 13 | N9: =M9-K9 -> 0 | O9: =VLOOKUP(A9,'31.07.25'!A:F,6,FALSE) -> 13 | P9: =O9-M9 -> 0 | Q9: =VLOOKUP(A9,'31.08.25'!A:F,6,FALSE) -> 13 | R9: =Q9-O9 -> 0 | S9: =VLOOKUP(A9,'30.09.25'!A:F,6,FALSE) -> 13 | T9: =S9-Q9 -> 0 | U9: =VLOOKUP(A9,'31.10.25'!A:F,6,FALSE) -> 13 | V9: =U9-S9 -> 0 | W9: =VLOOKUP(A9,'30.11.25'!A:F,6,FALSE) -> 13 | X9: =W9-U9 -> 0 | Y9: =VLOOKUP(A9,'31.12.25'!A:B,2,FALSE) -> 13 | Z9: =Y9-W9 -> 0 | AA9: =Y9-B9 -> 0
A10: Подъемник коленчатый дизельный Dingli BA18CRT | B10: =VLOOKUP(A10,'31.12.24'!A:F,6,FALSE) -> 13 | C10: =VLOOKUP(A10,'31.01.25'!A:F,6,FALSE) -> 13 | D10: =C10-B10 -> 0 | E10: =VLOOKUP(A10,'28.02.25'!A:F,6,FALSE) -> 13 | F10: =E10-C10 -> 0 | G10: =VLOOKUP(A10,'31.03.25'!A:F,6,FALSE) -> 13 | H10: =G10-E10 -> 0 | I10: =VLOOKUP(A10,'30.04.25'!A:F,6,FALSE) -> 13 | J10: =I10-G10 -> 0 | K10: =VLOOKUP(A10,'31.05.25'!A:F,6,FALSE) -> 13 | L10: =K10-I10 -> 0 | M10: =VLOOKUP(A10,'30.06.25'!A:F,6,FALSE) -> 13 | N10: =M10-K10 -> 0 | O10: =VLOOKUP(A10,'31.07.25'!A:F,6,FALSE) -> 13 | P10: =O10-M10 -> 0 | Q10: =VLOOKUP(A10,'31.08.25'!A:F,6,FALSE) -> 13 | R10: =Q10-O10 -> 0 | S10: =VLOOKUP(A10,'30.09.25'!A:F,6,FALSE) -> 14 | T10: =S10-Q10 -> 1 | U10: =VLOOKUP(A10,'31.10.25'!A:F,6,FALSE) -> 14 | V10: =U10-S10 -> 0 | W10: =VLOOKUP(A10,'30.11.25'!A:F,6,FALSE) -> 14 | X10: =W10-U10 -> 0 | Y10: =VLOOKUP(A10,'31.12.25'!A:B,2,FALSE) -> 14 | Z10: =Y10-W10 -> 0 | AA10: =Y10-B10 -> 1
A11: Подъемник коленчатый дизельный Dingli BA18CRT2 | B11: =VLOOKUP(A11,'31.12.24'!A:F,6,FALSE) -> 68 | C11: =VLOOKUP(A11,'31.01.25'!A:F,6,FALSE) -> 70 | D11: =C11-B11 -> 2 | E11: =VLOOKUP(A11,'28.02.25'!A:F,6,FALSE) -> 84 | F11: =E11-C11 -> 14 | G11: =VLOOKUP(A11,'31.03.25'!A:F,6,FALSE) -> 84 | H11: =G11-E11 -> 0 | I11: =VLOOKUP(A11,'30.04.25'!A:F,6,FALSE) -> 87 | J11: =I11-G11 -> 3 | K11: =VLOOKUP(A11,'31.05.25'!A:F,6,FALSE) -> 87 | L11: =K11-I11 -> 0 | M11: =VLOOKUP(A11,'30.06.25'!A:F,6,FALSE) -> 87 | N11: =M11-K11 -> 0 | O11: =VLOOKUP(A11,'31.07.25'!A:F,6,FALSE) -> 107 | P11: =O11-M11 -> 20 | Q11: =VLOOKUP(A11,'31.08.25'!A:F,6,FALSE) -> 131 | R11: =Q11-O11 -> 24 | S11: =VLOOKUP(A11,'30.09.25'!A:F,6,FALSE) -> 149 | T11: =S11-Q11 -> 18 | U11: =VLOOKUP(A11,'31.10.25'!A:F,6,FALSE) -> 178 | V11: =U11-S11 -> 29 | W11: =VLOOKUP(A11,'30.11.25'!A:F,6,FALSE) -> 184 | X11: =W11-U11 -> 6 | Y11: =VLOOKUP(A11,'31.12.25'!A:B,2,FALSE) -> 200 | Z11: =Y11-W11 -> 16 | AA11: =Y11-B11 -> 132
A12: Подъемник коленчатый дизельный Dingli BA22CRT | B12: =VLOOKUP(A12,'31.12.24'!A:F,6,FALSE) -> 15 | C12: =VLOOKUP(A12,'31.01.25'!A:F,6,FALSE) -> 15 | D12: =C12-B12 -> 0 | E12: =VLOOKUP(A12,'28.02.25'!A:F,6,FALSE) -> 15 | F12: =E12-C12 -> 0 | G12: =VLOOKUP(A12,'31.03.25'!A:F,6,FALSE) -> 15 | H12: =G12-E12 -> 0 | I12: =VLOOKUP(A12,'30.04.25'!A:F,6,FALSE) -> 15 | J12: =I12-G12 -> 0 | K12: =VLOOKUP(A12,'31.05.25'!A:F,6,FALSE) -> 15 | L12: =K12-I12 -> 0 | M12: =VLOOKUP(A12,'30.06.25'!A:F,6,FALSE) -> 15 | N12: =M12-K12 -> 0 | O12: =VLOOKUP(A12,'31.07.25'!A:F,6,FALSE) -> 15 | P12: =O12-M12 -> 0 | Q12: =VLOOKUP(A12,'31.08.25'!A:F,6,FALSE) -> 15 | R12: =Q12-O12 -> 0 | S12: =VLOOKUP(A12,'30.09.25'!A:F,6,FALSE) -> 15 | T12: =S12-Q12 -> 0 | U12: =VLOOKUP(A12,'31.10.25'!A:F,6,FALSE) -> 15 | V12: =U12-S12 -> 0 | W12: =VLOOKUP(A12,'30.11.25'!A:F,6,FALSE) -> 15 | X12: =W12-U12 -> 0 | Y12: =VLOOKUP(A12,'31.12.25'!A:B,2,FALSE) -> 15 | Z12: =Y12-W12 -> 0 | AA12: =Y12-B12 -> 0
A13: Подъемник коленчатый дизельный Dingli BA22CRT2 | B13: =VLOOKUP(A13,'31.12.24'!A:F,6,FALSE) -> 24 | C13: =VLOOKUP(A13,'31.01.25'!A:F,6,FALSE) -> 24 | D13: =C13-B13 -> 0 | E13: =VLOOKUP(A13,'28.02.25'!A:F,6,FALSE) -> 24 | F13: =E13-C13 -> 0 | G13: =VLOOKUP(A13,'31.03.25'!A:F,6,FALSE) -> 24 | H13: =G13-E13 -> 0 | I13: =VLOOKUP(A13,'30.04.25'!A:F,6,FALSE) -> 24 | J13: =I13-G13 -> 0 | K13: =VLOOKUP(A13,'31.05.25'!A:F,6,FALSE) -> 24 | L13: =K13-I13 -> 0 | M13: =VLOOKUP(A13,'30.06.25'!A:F,6,FALSE) -> 24 | N13: =M13-K13 -> 0 | O13: =VLOOKUP(A13,'31.07.25'!A:F,6,FALSE) -> 24 | P13: =O13-M13 -> 0 | Q13: =VLOOKUP(A13,'31.08.25'!A:F,6,FALSE) -> 27 | R13: =Q13-O13 -> 3 | S13: =VLOOKUP(A13,'30.09.25'!A:F,6,FALSE) -> 27 | T13: =S13-Q13 -> 0 | U13: =VLOOKUP(A13,'31.10.25'!A:F,6,FALSE) -> 29 | V13: =U13-S13 -> 2 | W13: =VLOOKUP(A13,'30.11.25'!A:F,6,FALSE) -> 29 | X13: =W13-U13 -> 0 | Y13: =VLOOKUP(A13,'31.12.25'!A:B,2,FALSE) -> 29 | Z13: =Y13-W13 -> 0 | AA13: =Y13-B13 -> 5
A14: Подъемник коленчатый дизельный Dingli BA22CRT2 4WS | C14: =VLOOKUP(A14,'31.01.25'!A:F,6,FALSE) -> 2 | D14: =C14-B14 -> 2 | E14: =VLOOKUP(A14,'28.02.25'!A:F,6,FALSE) -> 10 | F14: =E14-C14 -> 8 | G14: =VLOOKUP(A14,'31.03.25'!A:F,6,FALSE) -> 10 | H14: =G14-E14 -> 0 | I14: =VLOOKUP(A14,'30.04.25'!A:F,6,FALSE) -> 16 | J14: =I14-G14 -> 6 | K14: =VLOOKUP(A14,'31.05.25'!A:F,6,FALSE) -> 16 | L14: =K14-I14 -> 0 | M14: =VLOOKUP(A14,'30.06.25'!A:F,6,FALSE) -> 16 | N14: =M14-K14 -> 0 | O14: =VLOOKUP(A14,'31.07.25'!A:F,6,FALSE) -> 17 | P14: =O14-M14 -> 1 | Q14: =VLOOKUP(A14,'31.08.25'!A:F,6,FALSE) -> 27 | R14: =Q14-O14 -> 10 | S14: =VLOOKUP(A14,'30.09.25'!A:F,6,FALSE) -> 30 | T14: =S14-Q14 -> 3 | U14: =VLOOKUP(A14,'31.10.25'!A:F,6,FALSE) -> 38 | V14: =U14-S14 -> 8 | W14: =VLOOKUP(A14,'30.11.25'!A:F,6,FALSE) -> 46 | X14: =W14-U14 -> 8 | Y14: =VLOOKUP(A14,'31.12.25'!A:B,2,FALSE) -> 48 | Z14: =Y14-W14 -> 2 | AA14: =Y14-B14 -> 48
A15: Подъемник коленчатый дизельный Dingli BA28BRT | B15: =VLOOKUP(A15,'31.12.24'!A:F,6,FALSE) -> 6 | C15: =VLOOKUP(A15,'31.01.25'!A:F,6,FALSE) -> 6 | D15: =C15-B15 -> 0 | E15: =VLOOKUP(A15,'28.02.25'!A:F,6,FALSE) -> 6 | F15: =E15-C15 -> 0 | G15: =VLOOKUP(A15,'31.03.25'!A:F,6,FALSE) -> 6 | H15: =G15-E15 -> 0 | I15: =VLOOKUP(A15,'30.04.25'!A:F,6,FALSE) -> 6 | J15: =I15-G15 -> 0 | K15: =VLOOKUP(A15,'31.05.25'!A:F,6,FALSE) -> 6 | L15: =K15-I15 -> 0 | M15: =VLOOKUP(A15,'30.06.25'!A:F,6,FALSE) -> 6 | N15: =M15-K15 -> 0 | O15: =VLOOKUP(A15,'31.07.25'!A:F,6,FALSE) -> 6 | P15: =O15-M15 -> 0 | Q15: =VLOOKUP(A15,'31.08.25'!A:F,6,FALSE) -> 6 | R15: =Q15-O15 -> 0 | S15: =VLOOKUP(A15,'30.09.25'!A:F,6,FALSE) -> 8 | T15: =S15-Q15 -> 2 | U15: =VLOOKUP(A15,'31.10.25'!A:F,6,FALSE) -> 9 | V15: =U15-S15 -> 1 | W15: =VLOOKUP(A15,'30.11.25'!A:F,6,FALSE) -> 10 | X15: =W15-U15 -> 1 | Y15: =VLOOKUP(A15,'31.12.25'!A:B,2,FALSE) -> 10 | Z15: =Y15-W15 -> 0 | AA15: =Y15-B15 -> 4
A16: Подъемник коленчатый дизельный Dingli BA28RT | B16: =VLOOKUP(A16,'31.12.24'!A:F,6,FALSE) -> 62 | C16: =VLOOKUP(A16,'31.01.25'!A:F,6,FALSE) -> 62 | D16: =C16-B16 -> 0 | E16: =VLOOKUP(A16,'28.02.25'!A:F,6,FALSE) -> 62 | F16: =E16-C16 -> 0 | G16: =VLOOKUP(A16,'31.03.25'!A:F,6,FALSE) -> 62 | H16: =G16-E16 -> 0 | I16: =VLOOKUP(A16,'30.04.25'!A:F,6,FALSE) -> 66 | J16: =I16-G16 -> 4 | K16: =VLOOKUP(A16,'31.05.25'!A:F,6,FALSE) -> 66 | L16: =K16-I16 -> 0 | M16: =VLOOKUP(A16,'30.06.25'!A:F,6,FALSE) -> 69 | N16: =M16-K16 -> 3 | O16: =VLOOKUP(A16,'31.07.25'!A:F,6,FALSE) -> 71 | P16: =O16-M16 -> 2 | Q16: =VLOOKUP(A16,'31.08.25'!A:F,6,FALSE) -> 81 | R16: =Q16-O16 -> 10 | S16: =VLOOKUP(A16,'30.09.25'!A:F,6,FALSE) -> 84 | T16: =S16-Q16 -> 3 | U16: =VLOOKUP(A16,'31.10.25'!A:F,6,FALSE) -> 87 | V16: =U16-S16 -> 3 | W16: =VLOOKUP(A16,'30.11.25'!A:F,6,FALSE) -> 87 | X16: =W16-U16 -> 0 | Y16: =VLOOKUP(A16,'31.12.25'!A:B,2,FALSE) -> 87 | Z16: =Y16-W16 -> 0 | AA16: =Y16-B16 -> 25
A17: Подъемник коленчатый дизельный Dingli BA36RT | D17: =C17-B17 -> 0 | F17: =E17-C17 -> 0 | H17: =G17-E17 -> 0 | I17: =VLOOKUP(A17,'30.04.25'!A:F,6,FALSE) -> 1 | J17: =I17-G17 -> 1 | K17: =VLOOKUP(A17,'31.05.25'!A:F,6,FALSE) -> 6 | L17: =K17-I17 -> 5 | M17: =VLOOKUP(A17,'30.06.25'!A:F,6,FALSE) -> 12 | N17: =M17-K17 -> 6 | O17: =VLOOKUP(A17,'31.07.25'!A:F,6,FALSE) -> 22 | P17: =O17-M17 -> 10 | Q17: =VLOOKUP(A17,'31.08.25'!A:F,6,FALSE) -> 24 | R17: =Q17-O17 -> 2 | S17: =VLOOKUP(A17,'30.09.25'!A:F,6,FALSE) -> 28 | T17: =S17-Q17 -> 4 | U17: =VLOOKUP(A17,'31.10.25'!A:F,6,FALSE) -> 28 | V17: =U17-S17 -> 0 | W17: =VLOOKUP(A17,'30.11.25'!A:F,6,FALSE) -> 28 | X17: =W17-U17 -> 0 | Y17: =VLOOKUP(A17,'31.12.25'!A:B,2,FALSE) -> 32 | Z17: =Y17-W17 -> 4 | AA17: =Y17-B17 -> 32
A18: Подъемник коленчатый дизельный Dingli BA41RT | B18: =VLOOKUP(A18,'31.12.24'!A:F,6,FALSE) -> 9 | C18: =VLOOKUP(A18,'31.01.25'!A:F,6,FALSE) -> 9 | D18: =C18-B18 -> 0 | E18: =VLOOKUP(A18,'28.02.25'!A:F,6,FALSE) -> 9 | F18: =E18-C18 -> 0 | G18: =VLOOKUP(A18,'31.03.25'!A:F,6,FALSE) -> 9 | H18: =G18-E18 -> 0 | I18: =VLOOKUP(A18,'30.04.25'!A:F,6,FALSE) -> 9 | J18: =I18-G18 -> 0 | K18: =VLOOKUP(A18,'31.05.25'!A:F,6,FALSE) -> 9 | L18: =K18-I18 -> 0 | M18: =VLOOKUP(A18,'30.06.25'!A:F,6,FALSE) -> 9 | N18: =M18-K18 -> 0 | O18: =VLOOKUP(A18,'31.07.25'!A:F,6,FALSE) -> 9 | P18: =O18-M18 -> 0 | Q18: =VLOOKUP(A18,'31.08.25'!A:F,6,FALSE) -> 18 | R18: =Q18-O18 -> 9 | S18: =VLOOKUP(A18,'30.09.25'!A:F,6,FALSE) -> 18 | T18: =S18-Q18 -> 0 | U18: =VLOOKUP(A18,'31.10.25'!A:F,6,FALSE) -> 22 | V18: =U18-S18 -> 4 | W18: =VLOOKUP(A18,'30.11.25'!A:F,6,FALSE) -> 22 | X18: =W18-U18 -> 0 | Y18: =VLOOKUP(A18,'31.12.25'!A:B,2,FALSE) -> 22 | Z18: =Y18-W18 -> 0 | AA18: =Y18-B18 -> 13
A19: Подъемник коленчатый дизельный Dingli BA44RT | B19: =VLOOKUP(A19,'31.12.24'!A:F,6,FALSE) -> 2 | C19: =VLOOKUP(A19,'31.01.25'!A:F,6,FALSE) -> 2 | D19: =C19-B19 -> 0 | E19: =VLOOKUP(A19,'28.02.25'!A:F,6,FALSE) -> 6 | F19: =E19-C19 -> 4 | G19: =VLOOKUP(A19,'31.03.25'!A:F,6,FALSE) -> 7 | H19: =G19-E19 -> 1 | I19: =VLOOKUP(A19,'30.04.25'!A:F,6,FALSE) -> 16 | J19: =I19-G19 -> 9 | K19: =VLOOKUP(A19,'31.05.25'!A:F,6,FALSE) -> 35 | L19: =K19-I19 -> 19 | M19: =VLOOKUP(A19,'30.06.25'!A:F,6,FALSE) -> 53 | N19: =M19-K19 -> 18 | O19: =VLOOKUP(A19,'31.07.25'!A:F,6,FALSE) -> 64 | P19: =O19-M19 -> 11 | Q19: =VLOOKUP(A19,'31.08.25'!A:F,6,FALSE) -> 79 | R19: =Q19-O19 -> 15 | S19: =VLOOKUP(A19,'30.09.25'!A:F,6,FALSE) -> 82 | T19: =S19-Q19 -> 3 | U19: =VLOOKUP(A19,'31.10.25'!A:F,6,FALSE) -> 85 | V19: =U19-S19 -> 3 | W19: =VLOOKUP(A19,'30.11.25'!A:F,6,FALSE) -> 86 | X19: =W19-U19 -> 1 | Y19: =VLOOKUP(A19,'31.12.25'!A:B,2,FALSE) -> 94 | Z19: =Y19-W19 -> 8 | AA19: =Y19-B19 -> 92
A20: Подъемник коленчатый дизельный Genie Z-45/25 | B20: =VLOOKUP(A20,'31.12.24'!A:F,6,FALSE) -> 1 | C20: =VLOOKUP(A20,'31.01.25'!A:F,6,FALSE) -> 1 | D20: =C20-B20 -> 0 | E20: =VLOOKUP(A20,'28.02.25'!A:F,6,FALSE) -> 1 | F20: =E20-C20 -> 0 | G20: =VLOOKUP(A20,'31.03.25'!A:F,6,FALSE) -> 1 | H20: =G20-E20 -> 0 | I20: =VLOOKUP(A20,'30.04.25'!A:F,6,FALSE) -> 1 | J20: =I20-G20 -> 0 | K20: =VLOOKUP(A20,'31.05.25'!A:F,6,FALSE) -> 1 | L20: =K20-I20 -> 0 | M20: =VLOOKUP(A20,'30.06.25'!A:F,6,FALSE) -> 1 | N20: =M20-K20 -> 0 | O20: =VLOOKUP(A20,'31.07.25'!A:F,6,FALSE) -> 1 | P20: =O20-M20 -> 0 | Q20: =VLOOKUP(A20,'31.08.25'!A:F,6,FALSE) -> 1 | R20: =Q20-O20 -> 0 | S20: =VLOOKUP(A20,'30.09.25'!A:F,6,FALSE) -> 1 | T20: =S20-Q20 -> 0 | U20: =VLOOKUP(A20,'31.10.25'!A:F,6,FALSE) -> 1 | V20: =U20-S20 -> 0 | W20: =VLOOKUP(A20,'30.11.25'!A:F,6,FALSE) -> 1 | X20: =W20-U20 -> 0 | Y20: =VLOOKUP(A20,'31.12.25'!A:B,2,FALSE) -> 1 | Z20: =Y20-W20 -> 0 | AA20: =Y20-B20 -> 0
A21: Подъемник коленчатый дизельный Genie Z-51/30J | B21: =VLOOKUP(A21,'31.12.24'!A:F,6,FALSE) -> 6 | C21: =VLOOKUP(A21,'31.01.25'!A:F,6,FALSE) -> 6 | D21: =C21-B21 -> 0 | E21: =VLOOKUP(A21,'28.02.25'!A:F,6,FALSE) -> 6 | F21: =E21-C21 -> 0 | G21: =VLOOKUP(A21,'31.03.25'!A:F,6,FALSE) -> 6 | H21: =G21-E21 -> 0 | I21: =VLOOKUP(A21,'30.04.25'!A:F,6,FALSE) -> 6 | J21: =I21-G21 -> 0 | K21: =VLOOKUP(A21,'31.05.25'!A:F,6,FALSE) -> 6 | L21: =K21-I21 -> 0 | M21: =VLOOKUP(A21,'30.06.25'!A:F,6,FALSE) -> 6 | N21: =M21-K21 -> 0 | O21: =VLOOKUP(A21,'31.07.25'!A:F,6,FALSE) -> 6 | P21: =O21-M21 -> 0 | Q21: =VLOOKUP(A21,'31.08.25'!A:F,6,FALSE) -> 6 | R21: =Q21-O21 -> 0 | S21: =VLOOKUP(A21,'30.09.25'!A:F,6,FALSE) -> 6 | T21: =S21-Q21 -> 0 | U21: =VLOOKUP(A21,'31.10.25'!A:F,6,FALSE) -> 6 | V21: =U21-S21 -> 0 | W21: =VLOOKUP(A21,'30.11.25'!A:F,6,FALSE) -> 6 | X21: =W21-U21 -> 0 | Y21: =VLOOKUP(A21,'31.12.25'!A:B,2,FALSE) -> 6 | Z21: =Y21-W21 -> 0 | AA21: =Y21-B21 -> 0
A22: Подъемник коленчатый дизельный Genie Z-62/40 | B22: =VLOOKUP(A22,'31.12.24'!A:F,6,FALSE) -> 2 | C22: =VLOOKUP(A22,'31.01.25'!A:F,6,FALSE) -> 2 | D22: =C22-B22 -> 0 | E22: =VLOOKUP(A22,'28.02.25'!A:F,6,FALSE) -> 2 | F22: =E22-C22 -> 0 | G22: =VLOOKUP(A22,'31.03.25'!A:F,6,FALSE) -> 2 | H22: =G22-E22 -> 0 | I22: =VLOOKUP(A22,'30.04.25'!A:F,6,FALSE) -> 2 | J22: =I22-G22 -> 0 | K22: =VLOOKUP(A22,'31.05.25'!A:F,6,FALSE) -> 2 | L22: =K22-I22 -> 0 | M22: =VLOOKUP(A22,'30.06.25'!A:F,6,FALSE) -> 2 | N22: =M22-K22 -> 0 | O22: =VLOOKUP(A22,'31.07.25'!A:F,6,FALSE) -> 2 | P22: =O22-M22 -> 0 | Q22: =VLOOKUP(A22,'31.08.25'!A:F,6,FALSE) -> 2 | R22: =Q22-O22 -> 0 | S22: =VLOOKUP(A22,'30.09.25'!A:F,6,FALSE) -> 2 | T22: =S22-Q22 -> 0 | U22: =VLOOKUP(A22,'31.10.25'!A:F,6,FALSE) -> 2 | V22: =U22-S22 -> 0 | W22: =VLOOKUP(A22,'30.11.25'!A:F,6,FALSE) -> 2 | X22: =W22-U22 -> 0 | Y22: =VLOOKUP(A22,'31.12.25'!A:B,2,FALSE) -> 2 | Z22: =Y22-W22 -> 0 | AA22: =Y22-B22 -> 0
A23: Подъемник коленчатый дизельный HAULOTTE HA16RTJ | B23: =VLOOKUP(A23,'31.12.24'!A:F,6,FALSE) -> 2 | C23: =VLOOKUP(A23,'31.01.25'!A:F,6,FALSE) -> 2 | D23: =C23-B23 -> 0 | E23: =VLOOKUP(A23,'28.02.25'!A:F,6,FALSE) -> 2 | F23: =E23-C23 -> 0 | G23: =VLOOKUP(A23,'31.03.25'!A:F,6,FALSE) -> 2 | H23: =G23-E23 -> 0 | I23: =VLOOKUP(A23,'30.04.25'!A:F,6,FALSE) -> 2 | J23: =I23-G23 -> 0 | K23: =VLOOKUP(A23,'31.05.25'!A:F,6,FALSE) -> 2 | L23: =K23-I23 -> 0 | M23: =VLOOKUP(A23,'30.06.25'!A:F,6,FALSE) -> 2 | N23: =M23-K23 -> 0 | O23: =VLOOKUP(A23,'31.07.25'!A:F,6,FALSE) -> 2 | P23: =O23-M23 -> 0 | Q23: =VLOOKUP(A23,'31.08.25'!A:F,6,FALSE) -> 2 | R23: =Q23-O23 -> 0 | S23: =VLOOKUP(A23,'30.09.25'!A:F,6,FALSE) -> 2 | T23: =S23-Q23 -> 0 | U23: =VLOOKUP(A23,'31.10.25'!A:F,6,FALSE) -> 2 | V23: =U23-S23 -> 0 | W23: =VLOOKUP(A23,'30.11.25'!A:F,6,FALSE) -> 2 | X23: =W23-U23 -> 0 | Y23: =VLOOKUP(A23,'31.12.25'!A:B,2,FALSE) -> 2 | Z23: =Y23-W23 -> 0 | AA23: =Y23-B23 -> 0
A24: Подъемник коленчатый дизельный HAULOTTE HA20RTJ | B24: =VLOOKUP(A24,'31.12.24'!A:F,6,FALSE) -> 7 | C24: =VLOOKUP(A24,'31.01.25'!A:F,6,FALSE) -> 7 | D24: =C24-B24 -> 0 | E24: =VLOOKUP(A24,'28.02.25'!A:F,6,FALSE) -> 7 | F24: =E24-C24 -> 0 | G24: =VLOOKUP(A24,'31.03.25'!A:F,6,FALSE) -> 7 | H24: =G24-E24 -> 0 | I24: =VLOOKUP(A24,'30.04.25'!A:F,6,FALSE) -> 7 | J24: =I24-G24 -> 0 | K24: =VLOOKUP(A24,'31.05.25'!A:F,6,FALSE) -> 7 | L24: =K24-I24 -> 0 | M24: =VLOOKUP(A24,'30.06.25'!A:F,6,FALSE) -> 7 | N24: =M24-K24 -> 0 | O24: =VLOOKUP(A24,'31.07.25'!A:F,6,FALSE) -> 7 | P24: =O24-M24 -> 0 | Q24: =VLOOKUP(A24,'31.08.25'!A:F,6,FALSE) -> 7 | R24: =Q24-O24 -> 0 | S24: =VLOOKUP(A24,'30.09.25'!A:F,6,FALSE) -> 7 | T24: =S24-Q24 -> 0 | U24: =VLOOKUP(A24,'31.10.25'!A:F,6,FALSE) -> 7 | V24: =U24-S24 -> 0 | W24: =VLOOKUP(A24,'30.11.25'!A:F,6,FALSE) -> 7 | X24: =W24-U24 -> 0 | Y24: =VLOOKUP(A24,'31.12.25'!A:B,2,FALSE) -> 7 | Z24: =Y24-W24 -> 0 | AA24: =Y24-B24 -> 0
A25: Подъемник коленчатый дизельный HAULOTTE HA26RTJ PRO | B25: =VLOOKUP(A25,'31.12.24'!A:F,6,FALSE) -> 6 | C25: =VLOOKUP(A25,'31.01.25'!A:F,6,FALSE) -> 6 | D25: =C25-B25 -> 0 | E25: =VLOOKUP(A25,'28.02.25'!A:F,6,FALSE) -> 6 | F25: =E25-C25 -> 0 | G25: =VLOOKUP(A25,'31.03.25'!A:F,6,FALSE) -> 6 | H25: =G25-E25 -> 0 | I25: =VLOOKUP(A25,'30.04.25'!A:F,6,FALSE) -> 6 | J25: =I25-G25 -> 0 | K25: =VLOOKUP(A25,'31.05.25'!A:F,6,FALSE) -> 6 | L25: =K25-I25 -> 0 | M25: =VLOOKUP(A25,'30.06.25'!A:F,6,FALSE) -> 6 | N25: =M25-K25 -> 0 | O25: =VLOOKUP(A25,'31.07.25'!A:F,6,FALSE) -> 6 | P25: =O25-M25 -> 0 | Q25: =VLOOKUP(A25,'31.08.25'!A:F,6,FALSE) -> 6 | R25: =Q25-O25 -> 0 | S25: =VLOOKUP(A25,'30.09.25'!A:F,6,FALSE) -> 6 | T25: =S25-Q25 -> 0 | U25: =VLOOKUP(A25,'31.10.25'!A:F,6,FALSE) -> 6 | V25: =U25-S25 -> 0 | W25: =VLOOKUP(A25,'30.11.25'!A:F,6,FALSE) -> 6 | X25: =W25-U25 -> 0 | Y25: =VLOOKUP(A25,'31.12.25'!A:B,2,FALSE) -> 6 | Z25: =Y25-W25 -> 0 | AA25: =Y25-B25 -> 0
A26: Подъемник коленчатый дизельный JLG 520AJ | B26: =VLOOKUP(A26,'31.12.24'!A:F,6,FALSE) -> 9 | C26: =VLOOKUP(A26,'31.01.25'!A:F,6,FALSE) -> 9 | D26: =C26-B26 -> 0 | E26: =VLOOKUP(A26,'28.02.25'!A:F,6,FALSE) -> 9 | F26: =E26-C26 -> 0 | G26: =VLOOKUP(A26,'31.03.25'!A:F,6,FALSE) -> 9 | H26: =G26-E26 -> 0 | I26: =VLOOKUP(A26,'30.04.25'!A:F,6,FALSE) -> 9 | J26: =I26-G26 -> 0 | K26: =VLOOKUP(A26,'31.05.25'!A:F,6,FALSE) -> 9 | L26: =K26-I26 -> 0 | M26: =VLOOKUP(A26,'30.06.25'!A:F,6,FALSE) -> 9 | N26: =M26-K26 -> 0 | O26: =VLOOKUP(A26,'31.07.25'!A:F,6,FALSE) -> 9 | P26: =O26-M26 -> 0 | Q26: =VLOOKUP(A26,'31.08.25'!A:F,6,FALSE) -> 9 | R26: =Q26-O26 -> 0 | S26: =VLOOKUP(A26,'30.09.25'!A:F,6,FALSE) -> 9 | T26: =S26-Q26 -> 0 | U26: =VLOOKUP(A26,'31.10.25'!A:F,6,FALSE) -> 9 | V26: =U26-S26 -> 0 | W26: =VLOOKUP(A26,'30.11.25'!A:F,6,FALSE) -> 9 | X26: =W26-U26 -> 0 | Y26: =VLOOKUP(A26,'31.12.25'!A:B,2,FALSE) -> 9 | Z26: =Y26-W26 -> 0 | AA26: =Y26-B26 -> 0
A27: Подъемник коленчатый дизельный JLG 600AJ | B27: =VLOOKUP(A27,'31.12.24'!A:F,6,FALSE) -> 3 | C27: =VLOOKUP(A27,'31.01.25'!A:F,6,FALSE) -> 3 | D27: =C27-B27 -> 0 | E27: =VLOOKUP(A27,'28.02.25'!A:F,6,FALSE) -> 3 | F27: =E27-C27 -> 0 | G27: =VLOOKUP(A27,'31.03.25'!A:F,6,FALSE) -> 3 | H27: =G27-E27 -> 0 | I27: =VLOOKUP(A27,'30.04.25'!A:F,6,FALSE) -> 3 | J27: =I27-G27 -> 0 | K27: =VLOOKUP(A27,'31.05.25'!A:F,6,FALSE) -> 3 | L27: =K27-I27 -> 0 | M27: =VLOOKUP(A27,'30.06.25'!A:F,6,FALSE) -> 3 | N27: =M27-K27 -> 0 | O27: =VLOOKUP(A27,'31.07.25'!A:F,6,FALSE) -> 3 | P27: =O27-M27 -> 0 | Q27: =VLOOKUP(A27,'31.08.25'!A:F,6,FALSE) -> 3 | R27: =Q27-O27 -> 0 | S27: =VLOOKUP(A27,'30.09.25'!A:F,6,FALSE) -> 3 | T27: =S27-Q27 -> 0 | U27: =VLOOKUP(A27,'31.10.25'!A:F,6,FALSE) -> 3 | V27: =U27-S27 -> 0 | W27: =VLOOKUP(A27,'30.11.25'!A:F,6,FALSE) -> 3 | X27: =W27-U27 -> 0 | Y27: =VLOOKUP(A27,'31.12.25'!A:B,2,FALSE) -> 3 | Z27: =Y27-W27 -> 0 | AA27: =Y27-B27 -> 0
A28: Подъемник коленчатый дизельный LGMG AR14J | B28: =VLOOKUP(A28,'31.12.24'!A:F,6,FALSE) -> 13 | C28: =VLOOKUP(A28,'31.01.25'!A:F,6,FALSE) -> 13 | D28: =C28-B28 -> 0 | E28: =VLOOKUP(A28,'28.02.25'!A:F,6,FALSE) -> 13 | F28: =E28-C28 -> 0 | G28: =VLOOKUP(A28,'31.03.25'!A:F,6,FALSE) -> 13 | H28: =G28-E28 -> 0 | I28: =VLOOKUP(A28,'30.04.25'!A:F,6,FALSE) -> 13 | J28: =I28-G28 -> 0 | K28: =VLOOKUP(A28,'31.05.25'!A:F,6,FALSE) -> 13 | L28: =K28-I28 -> 0 | M28: =VLOOKUP(A28,'30.06.25'!A:F,6,FALSE) -> 13 | N28: =M28-K28 -> 0 | O28: =VLOOKUP(A28,'31.07.25'!A:F,6,FALSE) -> 13 | P28: =O28-M28 -> 0 | Q28: =VLOOKUP(A28,'31.08.25'!A:F,6,FALSE) -> 13 | R28: =Q28-O28 -> 0 | S28: =VLOOKUP(A28,'30.09.25'!A:F,6,FALSE) -> 13 | T28: =S28-Q28 -> 0 | U28: =VLOOKUP(A28,'31.10.25'!A:F,6,FALSE) -> 13 | V28: =U28-S28 -> 0 | W28: =VLOOKUP(A28,'30.11.25'!A:F,6,FALSE) -> 13 | X28: =W28-U28 -> 0 | Y28: =VLOOKUP(A28,'31.12.25'!A:B,2,FALSE) -> 13 | Z28: =Y28-W28 -> 0 | AA28: =Y28-B28 -> 0
A29: Подъемник коленчатый дизельный LGMG AR16J | B29: =VLOOKUP(A29,'31.12.24'!A:F,6,FALSE) -> 22 | C29: =VLOOKUP(A29,'31.01.25'!A:F,6,FALSE) -> 22 | D29: =C29-B29 -> 0 | E29: =VLOOKUP(A29,'28.02.25'!A:F,6,FALSE) -> 22 | F29: =E29-C29 -> 0 | G29: =VLOOKUP(A29,'31.03.25'!A:F,6,FALSE) -> 22 | H29: =G29-E29 -> 0 | I29: =VLOOKUP(A29,'30.04.25'!A:F,6,FALSE) -> 22 | J29: =I29-G29 -> 0 | K29: =VLOOKUP(A29,'31.05.25'!A:F,6,FALSE) -> 22 | L29: =K29-I29 -> 0 | M29: =VLOOKUP(A29,'30.06.25'!A:F,6,FALSE) -> 22 | N29: =M29-K29 -> 0 | O29: =VLOOKUP(A29,'31.07.25'!A:F,6,FALSE) -> 22 | P29: =O29-M29 -> 0 | Q29: =VLOOKUP(A29,'31.08.25'!A:F,6,FALSE) -> 22 | R29: =Q29-O29 -> 0 | S29: =VLOOKUP(A29,'30.09.25'!A:F,6,FALSE) -> 22 | T29: =S29-Q29 -> 0 | U29: =VLOOKUP(A29,'31.10.25'!A:F,6,FALSE) -> 22 | V29: =U29-S29 -> 0 | W29: =VLOOKUP(A29,'30.11.25'!A:F,6,FALSE) -> 22 | X29: =W29-U29 -> 0 | Y29: =VLOOKUP(A29,'31.12.25'!A:B,2,FALSE) -> 22 | Z29: =Y29-W29 -> 0 | AA29: =Y29-B29 -> 0
... A33: Подъемник коленчатый дизельный Sinoboom AB18J | B33: =VLOOKUP(A33,'31.12.24'!A:F,6,FALSE) -> 52 | C33: =VLOOKUP(A33,'31.01.25'!A:F,6,FALSE) -> 85 | D33: =C33-B33 -> 33 | E33: =VLOOKUP(A33,'28.02.25'!A:F,6,FALSE) -> 89 | F33: =E33-C33 -> 4 | G33: =VLOOKUP(A33,'31.03.25'!A:F,6,FALSE) -> 99 | H33: =G33-E33 -> 10 | I33: =VLOOKUP(A33,'30.04.25'!A:F,6,FALSE) -> 109 | J33: =I33-G33 -> 10 | K33: =VLOOKUP(A33,'31.05.25'!A:F,6,FALSE) -> 109 | L33: =K33-I33 -> 0 | M33: =VLOOKUP(A33,'30.06.25'!A:F,6,FALSE) -> 114 | N33: =M33-K33 -> 5 | O33: =VLOOKUP(A33,'31.07.25'!A:F,6,FALSE) -> 118 | P33: =O33-M33 -> 4 | Q33: =VLOOKUP(A33,'31.08.25'!A:F,6,FALSE) -> 141 | R33: =Q33-O33 -> 23 | S33: =VLOOKUP(A33,'30.09.25'!A:F,6,FALSE) -> 150 | T33: =S33-Q33 -> 9 | U33: =VLOOKUP(A33,'31.10.25'!A:F,6,FALSE) -> 150 | V33: =U33-S33 -> 0 | W33: =VLOOKUP(A33,'30.11.25'!A:F,6,FALSE) -> 150 | X33: =W33-U33 -> 0 | Y33: =VLOOKUP(A33,'31.12.25'!A:B,2,FALSE) -> 150 | Z33: =Y33-W33 -> 0 | AA33: =Y33-B33 -> 98
A34: Подъемник коленчатый дизельный Sinoboom AB22J Plus | D34: =C34-B34 -> 0 | F34: =E34-C34 -> 0 | H34: =G34-E34 -> 0 | J34: =I34-G34 -> 0 | L34: =K34-I34 -> 0 | N34: =M34-K34 -> 0 | P34: =O34-M34 -> 0 | Q34: =VLOOKUP(A34,'31.08.25'!A:F,6,FALSE) -> 19 | R34: =Q34-O34 -> 19 | S34: =VLOOKUP(A34,'30.09.25'!A:F,6,FALSE) -> 20 | T34: =S34-Q34 -> 1 | U34: =VLOOKUP(A34,'31.10.25'!A:F,6,FALSE) -> 43 | V34: =U34-S34 -> 23 | W34: =VLOOKUP(A34,'30.11.25'!A:F,6,FALSE) -> 49 | X34: =W34-U34 -> 6 | Y34: =VLOOKUP(A34,'31.12.25'!A:B,2,FALSE) -> 49 | Z34: =Y34-W34 -> 0 | AA34: =Y34-B34 -> 49
A35: Подъёмник коленчатый дизельный Sinoboom AB25J | D35: =C35-B35 -> 0 | F35: =E35-C35 -> 0 | H35: =G35-E35 -> 0 | J35: =I35-G35 -> 0 | K35: =VLOOKUP(A35,'31.05.25'!A:F,6,FALSE) -> 5 | L35: =K35-I35 -> 5 | M35: =VLOOKUP(A35,'30.06.25'!A:F,6,FALSE) -> 5 | N35: =M35-K35 -> 0 | O35: =VLOOKUP(A35,'31.07.25'!A:F,6,FALSE) -> 5 | P35: =O35-M35 -> 0 | Q35: =VLOOKUP(A35,'31.08.25'!A:F,6,FALSE) -> 5 | R35: =Q35-O35 -> 0 | S35: =VLOOKUP(A35,'30.09.25'!A:F,6,FALSE) -> 5 | T35: =S35-Q35 -> 0 | U35: =VLOOKUP(A35,'31.10.25'!A:F,6,FALSE) -> 5 | V35: =U35-S35 -> 0 | W35: =VLOOKUP(A35,'30.11.25'!A:F,6,FALSE) -> 5 | X35: =W35-U35 -> 0 | Y35: =VLOOKUP(A35,'31.12.25'!A:B,2,FALSE) -> 5 | Z35: =Y35-W35 -> 0 | AA35: =Y35-B35 -> 5
A36: Подъемник коленчатый дизельный Sinoboom AB26J Plus | B36: =VLOOKUP(A36,'31.12.24'!A:F,6,FALSE) -> 16 | C36: =VLOOKUP(A36,'31.01.25'!A:F,6,FALSE) -> 16 | D36: =C36-B36 -> 0 | E36: =VLOOKUP(A36,'28.02.25'!A:F,6,FALSE) -> 40 | F36: =E36-C36 -> 24 | G36: =VLOOKUP(A36,'31.03.25'!A:F,6,FALSE) -> 41 | H36: =G36-E36 -> 1 | I36: =VLOOKUP(A36,'30.04.25'!A:F,6,FALSE) -> 41 | J36: =I36-G36 -> 0 | K36: =VLOOKUP(A36,'31.05.25'!A:F,6,FALSE) -> 51 | L36: =K36-I36 -> 10 | M36: =VLOOKUP(A36,'30.06.25'!A:F,6,FALSE) -> 51 | N36: =M36-K36 -> 0 | O36: =VLOOKUP(A36,'31.07.25'!A:F,6,FALSE) -> 60 | P36: =O36-M36 -> 9 | Q36: =VLOOKUP(A36,'31.08.25'!A:F,6,FALSE) -> 84 | R36: =Q36-O36 -> 24 | S36: =VLOOKUP(A36,'30.09.25'!A:F,6,FALSE) -> 100 | T36: =S36-Q36 -> 16 | U36: =VLOOKUP(A36,'31.10.25'!A:F,6,FALSE) -> 104 | V36: =U36-S36 -> 4 | W36: =VLOOKUP(A36,'30.11.25'!A:F,6,FALSE) -> 114 | X36: =W36-U36 -> 10 | Y36: =VLOOKUP(A36,'31.12.25'!A:B,2,FALSE) -> 114 | Z36: =Y36-W36 -> 0 | AA36: =Y36-B36 -> 98
A37: Подъемник коленчатый дизельный Sinoboom AB46RJ | D37: =C37-B37 -> 0 | F37: =E37-C37 -> 0 | G37: =VLOOKUP(A37,'31.03.25'!A:F,6,FALSE) -> 1 | H37: =G37-E37 -> 1 | I37: =VLOOKUP(A37,'30.04.25'!A:F,6,FALSE) -> 1 | J37: =I37-G37 -> 0 | K37: =VLOOKUP(A37,'31.05.25'!A:F,6,FALSE) -> 1 | L37: =K37-I37 -> 0 | M37: =VLOOKUP(A37,'30.06.25'!A:F,6,FALSE) -> 1 | N37: =M37-K37 -> 0 | O37: =VLOOKUP(A37,'31.07.25'!A:F,6,FALSE) -> 4 | P37: =O37-M37 -> 3 | Q37: =VLOOKUP(A37,'31.08.25'!A:F,6,FALSE) -> 14 | R37: =Q37-O37 -> 10 | S37: =VLOOKUP(A37,'30.09.25'!A:F,6,FALSE) -> 16 | T37: =S37-Q37 -> 2 | U37: =VLOOKUP(A37,'31.10.25'!A:F,6,FALSE) -> 25 | V37: =U37-S37 -> 9 | W37: =VLOOKUP(A37,'30.11.25'!A:F,6,FALSE) -> 31 | X37: =W37-U37 -> 6 | Y37: =VLOOKUP(A37,'31.12.25'!A:B,2,FALSE) -> 35 | Z37: =Y37-W37 -> 4 | AA37: =Y37-B37 -> 35
A38: Подъемник коленчатый дизельный Zoomlion ZA14J | B38: =VLOOKUP(A38,'31.12.24'!A:F,6,FALSE) -> 127 | C38: =VLOOKUP(A38,'31.01.25'!A:F,6,FALSE) -> 127 | D38: =C38-B38 -> 0 | E38: =VLOOKUP(A38,'28.02.25'!A:F,6,FALSE) -> 131 | F38: =E38-C38 -> 4 | G38: =VLOOKUP(A38,'31.03.25'!A:F,6,FALSE) -> 147 | H38: =G38-E38 -> 16 | I38: =VLOOKUP(A38,'30.04.25'!A:F,6,FALSE) -> 159 | J38: =I38-G38 -> 12 | K38: =VLOOKUP(A38,'31.05.25'!A:F,6,FALSE) -> 160 | L38: =K38-I38 -> 1 | M38: =VLOOKUP(A38,'30.06.25'!A:F,6,FALSE) -> 179 | N38: =M38-K38 -> 19 | O38: =VLOOKUP(A38,'31.07.25'!A:F,6,FALSE) -> 183 | P38: =O38-M38 -> 4 | Q38: =VLOOKUP(A38,'31.08.25'!A:F,6,FALSE) -> 196 | R38: =Q38-O38 -> 13 | S38: =VLOOKUP(A38,'30.09.25'!A:F,6,FALSE) -> 207 | T38: =S38-Q38 -> 11 | U38: =VLOOKUP(A38,'31.10.25'!A:F,6,FALSE) -> 226 | V38: =U38-S38 -> 19 | W38: =VLOOKUP(A38,'30.11.25'!A:F,6,FALSE) -> 226 | X38: =W38-U38 -> 0 | Y38: =VLOOKUP(A38,'31.12.25'!A:B,2,FALSE) -> 226 | Z38: =Y38-W38 -> 0 | AA38: =Y38-B38 -> 99
A39: Подъемник коленчатый дизельный Zoomlion ZA16J | D39: =C39-B39 -> 0 | F39: =E39-C39 -> 0 | H39: =G39-E39 -> 0 | J39: =I39-G39 -> 0 | L39: =K39-I39 -> 0 | N39: =M39-K39 -> 0 | P39: =O39-M39 -> 0 | R39: =Q39-O39 -> 0 | T39: =S39-Q39 -> 0 | U39: =VLOOKUP(A39,'31.10.25'!A:F,6,FALSE) -> 10 | V39: =U39-S39 -> 10 | W39: =VLOOKUP(A39,'30.11.25'!A:F,6,FALSE) -> 15 | X39: =W39-U39 -> 5 | Y39: =VLOOKUP(A39,'31.12.25'!A:B,2,FALSE) -> 20 | Z39: =Y39-W39 -> 5 | AA39: =Y39-B39 -> 20
A40: Подъемник коленчатый дизельный Zoomlion ZA20J | B40: =VLOOKUP(A40,'31.12.24'!A:F,6,FALSE) -> 133 | C40: =VLOOKUP(A40,'31.01.25'!A:F,6,FALSE) -> 133 | D40: =C40-B40 -> 0 | E40: =VLOOKUP(A40,'28.02.25'!A:F,6,FALSE) -> 159 | F40: =E40-C40 -> 26 | G40: =VLOOKUP(A40,'31.03.25'!A:F,6,FALSE) -> 177 | H40: =G40-E40 -> 18 | I40: =VLOOKUP(A40,'30.04.25'!A:F,6,FALSE) -> 197 | J40: =I40-G40 -> 20 | K40: =VLOOKUP(A40,'31.05.25'!A:F,6,FALSE) -> 205 | L40: =K40-I40 -> 8 | M40: =VLOOKUP(A40,'30.06.25'!A:F,6,FALSE) -> 211 | N40: =M40-K40 -> 6 | O40: =VLOOKUP(A40,'31.07.25'!A:F,6,FALSE) -> 225 | P40: =O40-M40 -> 14 | Q40: =VLOOKUP(A40,'31.08.25'!A:F,6,FALSE) -> 230 | R40: =Q40-O40 -> 5 | S40: =VLOOKUP(A40,'30.09.25'!A:F,6,FALSE) -> 245 | T40: =S40-Q40 -> 15 | U40: =VLOOKUP(A40,'31.10.25'!A:F,6,FALSE) -> 245 | V40: =U40-S40 -> 0 | W40: =VLOOKUP(A40,'30.11.25'!A:F,6,FALSE) -> 246 | X40: =W40-U40 -> 1 | Y40: =VLOOKUP(A40,'31.12.25'!A:B,2,FALSE) -> 251 | Z40: =Y40-W40 -> 5 | AA40: =Y40-B40 -> 118
A41: Подъемник коленчатый дизельный Zoomlion ZA24J | B41: =VLOOKUP(A41,'31.12.24'!A:F,6,FALSE) -> 124 | C41: =VLOOKUP(A41,'31.01.25'!A:F,6,FALSE) -> 124 | D41: =C41-B41 -> 0 | E41: =VLOOKUP(A41,'28.02.25'!A:F,6,FALSE) -> 128 | F41: =E41-C41 -> 4 | G41: =VLOOKUP(A41,'31.03.25'!A:F,6,FALSE) -> 132 | H41: =G41-E41 -> 4 | I41: =VLOOKUP(A41,'30.04.25'!A:F,6,FALSE) -> 133 | J41: =I41-G41 -> 1 | K41: =VLOOKUP(A41,'31.05.25'!A:F,6,FALSE) -> 136 | L41: =K41-I41 -> 3 | M41: =VLOOKUP(A41,'30.06.25'!A:F,6,FALSE) -> 139 | N41: =M41-K41 -> 3 | O41: =VLOOKUP(A41,'31.07.25'!A:F,6,FALSE) -> 143 | P41: =O41-M41 -> 4 | Q41: =VLOOKUP(A41,'31.08.25'!A:F,6,FALSE) -> 148 | R41: =Q41-O41 -> 5 | S41: =VLOOKUP(A41,'30.09.25'!A:F,6,FALSE) -> 161 | T41: =S41-Q41 -> 13 | U41: =VLOOKUP(A41,'31.10.25'!A:F,6,FALSE) -> 178 | V41: =U41-S41 -> 17 | W41: =VLOOKUP(A41,'30.11.25'!A:F,6,FALSE) -> 178 | X41: =W41-U41 -> 0 | Y41: =VLOOKUP(A41,'31.12.25'!A:B,2,FALSE) -> 178 | Z41: =Y41-W41 -> 0 | AA41: =Y41-B41 -> 54
A42: Подъемник коленчатый дизельный Zoomlion ZA32J | B42: =VLOOKUP(A42,'31.12.24'!A:F,6,FALSE) -> 63 | C42: =VLOOKUP(A42,'31.01.25'!A:F,6,FALSE) -> 64 | D42: =C42-B42 -> 1 | E42: =VLOOKUP(A42,'28.02.25'!A:F,6,FALSE) -> 72 | F42: =E42-C42 -> 8 | G42: =VLOOKUP(A42,'31.03.25'!A:F,6,FALSE) -> 85 | H42: =G42-E42 -> 13 | I42: =VLOOKUP(A42,'30.04.25'!A:F,6,FALSE) -> 104 | J42: =I42-G42 -> 19 | K42: =VLOOKUP(A42,'31.05.25'!A:F,6,FALSE) -> 121 | L42: =K42-I42 -> 17 | M42: =VLOOKUP(A42,'30.06.25'!A:F,6,FALSE) -> 140 | N42: =M42-K42 -> 19 | O42: =VLOOKUP(A42,'31.07.25'!A:F,6,FALSE) -> 144 | P42: =O42-M42 -> 4 | Q42: =VLOOKUP(A42,'31.08.25'!A:F,6,FALSE) -> 150 | R42: =Q42-O42 -> 6 | S42: =VLOOKUP(A42,'30.09.25'!A:F,6,FALSE) -> 167 | T42: =S42-Q42 -> 17 | U42: =VLOOKUP(A42,'31.10.25'!A:F,6,FALSE) -> 176 | V42: =U42-S42 -> 9 | W42: =VLOOKUP(A42,'30.11.25'!A:F,6,FALSE) -> 182 | X42: =W42-U42 -> 6 | Y42: =VLOOKUP(A42,'31.12.25'!A:B,2,FALSE) -> 186 | Z42: =Y42-W42 -> 4 | AA42: =Y42-B42 -> 123
A43: Подъемник коленчатый дизельный Zoomlion ZA42J | D43: =C43-B43 -> 0 | F43: =E43-C43 -> 0 | H43: =G43-E43 -> 0 | J43: =I43-G43 -> 0 | L43: =K43-I43 -> 0 | N43: =M43-K43 -> 0 | P43: =O43-M43 -> 0 | R43: =Q43-O43 -> 0 | S43: =VLOOKUP(A43,'30.09.25'!A:F,6,FALSE) -> 7 | T43: =S43-Q43 -> 7 | U43: =VLOOKUP(A43,'31.10.25'!A:F,6,FALSE) -> 7 | V43: =U43-S43 -> 0 | W43: =VLOOKUP(A43,'30.11.25'!A:F,6,FALSE) -> 8 | X43: =W43-U43 -> 1 | Y43: =VLOOKUP(A43,'31.12.25'!A:B,2,FALSE) -> 8 | Z43: =Y43-W43 -> 0 | AA43: =Y43-B43 -> 8
A44: Подъемник коленчатый электрический Aurora ART3.8JE(F) | B44: =VLOOKUP(A44,'31.12.24'!A:F,6,FALSE) -> 17 | C44: =VLOOKUP(A44,'31.01.25'!A:F,6,FALSE) -> 17 | D44: =C44-B44 -> 0 | E44: =VLOOKUP(A44,'28.02.25'!A:F,6,FALSE) -> 17 | F44: =E44-C44 -> 0 | G44: =VLOOKUP(A44,'31.03.25'!A:F,6,FALSE) -> 17 | H44: =G44-E44 -> 0 | I44: =VLOOKUP(A44,'30.04.25'!A:F,6,FALSE) -> 17 | J44: =I44-G44 -> 0 | K44: =VLOOKUP(A44,'31.05.25'!A:F,6,FALSE) -> 21 | L44: =K44-I44 -> 4 | M44: =VLOOKUP(A44,'30.06.25'!A:F,6,FALSE) -> 23 | N44: =M44-K44 -> 2 | O44: =VLOOKUP(A44,'31.07.25'!A:F,6,FALSE) -> 23 | P44: =O44-M44 -> 0 | Q44: =VLOOKUP(A44,'31.08.25'!A:F,6,FALSE) -> 23 | R44: =Q44-O44 -> 0 | S44: =VLOOKUP(A44,'30.09.25'!A:F,6,FALSE) -> 40 | T44: =S44-Q44 -> 17 | U44: =VLOOKUP(A44,'31.10.25'!A:F,6,FALSE) -> 46 | V44: =U44-S44 -> 6 | W44: =VLOOKUP(A44,'30.11.25'!A:F,6,FALSE) -> 60 | X44: =W44-U44 -> 14 | Y44: =VLOOKUP(A44,'31.12.25'!A:B,2,FALSE) -> 75 | Z44: =Y44-W44 -> 15 | AA44: =Y44-B44 -> 58
A45: Подъемник коленчатый электрический Dingli BA18NE | B45: =VLOOKUP(A45,'31.12.24'!A:F,6,FALSE) -> 23 | C45: =VLOOKUP(A45,'31.01.25'!A:F,6,FALSE) -> 23 | D45: =C45-B45 -> 0 | E45: =VLOOKUP(A45,'28.02.25'!A:F,6,FALSE) -> 23 | F45: =E45-C45 -> 0 | G45: =VLOOKUP(A45,'31.03.25'!A:F,6,FALSE) -> 23 | H45: =G45-E45 -> 0 | I45: =VLOOKUP(A45,'30.04.25'!A:F,6,FALSE) -> 23 | J45: =I45-G45 -> 0 | K45: =VLOOKUP(A45,'31.05.25'!A:F,6,FALSE) -> 23 | L45: =K45-I45 -> 0 | M45: =VLOOKUP(A45,'30.06.25'!A:F,6,FALSE) -> 23 | N45: =M45-K45 -> 0 | O45: =VLOOKUP(A45,'31.07.25'!A:F,6,FALSE) -> 23 | P45: =O45-M45 -> 0 | Q45: =VLOOKUP(A45,'31.08.25'!A:F,6,FALSE) -> 23 | R45: =Q45-O45 -> 0 | S45: =VLOOKUP(A45,'30.09.25'!A:F,6,FALSE) -> 23 | T45: =S45-Q45 -> 0 | U45: =VLOOKUP(A45,'31.10.25'!A:F,6,FALSE) -> 23 | V45: =U45-S45 -> 0 | W45: =VLOOKUP(A45,'30.11.25'!A:F,6,FALSE) -> 23 | X45: =W45-U45 -> 0 | Y45: =VLOOKUP(A45,'31.12.25'!A:B,2,FALSE) -> 23 | Z45: =Y45-W45 -> 0 | AA45: =Y45-B45 -> 0
A46: Подъемник коленчатый электрический Dingli BA22CERT2 | B46: =VLOOKUP(A46,'31.12.24'!A:F,6,FALSE) -> 13 | C46: =VLOOKUP(A46,'31.01.25'!A:F,6,FALSE) -> 13 | D46: =C46-B46 -> 0 | E46: =VLOOKUP(A46,'28.02.25'!A:F,6,FALSE) -> 13 | F46: =E46-C46 -> 0 | G46: =VLOOKUP(A46,'31.03.25'!A:F,6,FALSE) -> 13 | H46: =G46-E46 -> 0 | I46: =VLOOKUP(A46,'30.04.25'!A:F,6,FALSE) -> 13 | J46: =I46-G46 -> 0 | K46: =VLOOKUP(A46,'31.05.25'!A:F,6,FALSE) -> 13 | L46: =K46-I46 -> 0 | M46: =VLOOKUP(A46,'30.06.25'!A:F,6,FALSE) -> 13 | N46: =M46-K46 -> 0 | O46: =VLOOKUP(A46,'31.07.25'!A:F,6,FALSE) -> 13 | P46: =O46-M46 -> 0 | Q46: =VLOOKUP(A46,'31.08.25'!A:F,6,FALSE) -> 13 | R46: =Q46-O46 -> 0 | S46: =VLOOKUP(A46,'30.09.25'!A:F,6,FALSE) -> 13 | T46: =S46-Q46 -> 0 | U46: =VLOOKUP(A46,'31.10.25'!A:F,6,FALSE) -> 13 | V46: =U46-S46 -> 0 | W46: =VLOOKUP(A46,'30.11.25'!A:F,6,FALSE) -> 13 | X46: =W46-U46 -> 0 | Y46: =VLOOKUP(A46,'31.12.25'!A:B,2,FALSE) -> 13 | Z46: =Y46-W46 -> 0 | AA46: =Y46-B46 -> 0
A47: Подъемник коленчатый электрический Dingli BA22ERT | B47: =VLOOKUP(A47,'31.12.24'!A:F,6,FALSE) -> 7 | C47: =VLOOKUP(A47,'31.01.25'!A:F,6,FALSE) -> 7 | D47: =C47-B47 -> 0 | E47: =VLOOKUP(A47,'28.02.25'!A:F,6,FALSE) -> 7 | F47: =E47-C47 -> 0 | G47: =VLOOKUP(A47,'31.03.25'!A:F,6,FALSE) -> 7 | H47: =G47-E47 -> 0 | I47: =VLOOKUP(A47,'30.04.25'!A:F,6,FALSE) -> 7 | J47: =I47-G47 -> 0 | K47: =VLOOKUP(A47,'31.05.25'!A:F,6,FALSE) -> 7 | L47: =K47-I47 -> 0 | M47: =VLOOKUP(A47,'30.06.25'!A:F,6,FALSE) -> 7 | N47: =M47-K47 -> 0 | O47: =VLOOKUP(A47,'31.07.25'!A:F,6,FALSE) -> 7 | P47: =O47-M47 -> 0 | Q47: =VLOOKUP(A47,'31.08.25'!A:F,6,FALSE) -> 7 | R47: =Q47-O47 -> 0 | S47: =VLOOKUP(A47,'30.09.25'!A:F,6,FALSE) -> 7 | T47: =S47-Q47 -> 0 | U47: =VLOOKUP(A47,'31.10.25'!A:F,6,FALSE) -> 7 | V47: =U47-S47 -> 0 | W47: =VLOOKUP(A47,'30.11.25'!A:F,6,FALSE) -> 7 | X47: =W47-U47 -> 0 | Y47: =VLOOKUP(A47,'31.12.25'!A:B,2,FALSE) -> 7 | Z47: =Y47-W47 -> 0 | AA47: =Y47-B47 -> 0
A48: Подъемник коленчатый электрический Genie Z-33/18 | B48: =VLOOKUP(A48,'31.12.24'!A:F,6,FALSE) -> 16 | C48: =VLOOKUP(A48,'31.01.25'!A:F,6,FALSE) -> 16 | D48: =C48-B48 -> 0 | E48: =VLOOKUP(A48,'28.02.25'!A:F,6,FALSE) -> 16 | F48: =E48-C48 -> 0 | G48: =VLOOKUP(A48,'31.03.25'!A:F,6,FALSE) -> 16 | H48: =G48-E48 -> 0 | I48: =VLOOKUP(A48,'30.04.25'!A:F,6,FALSE) -> 16 | J48: =I48-G48 -> 0 | K48: =VLOOKUP(A48,'31.05.25'!A:F,6,FALSE) -> 16 | L48: =K48-I48 -> 0 | M48: =VLOOKUP(A48,'30.06.25'!A:F,6,FALSE) -> 16 | N48: =M48-K48 -> 0 | O48: =VLOOKUP(A48,'31.07.25'!A:F,6,FALSE) -> 16 | P48: =O48-M48 -> 0 | Q48: =VLOOKUP(A48,'31.08.25'!A:F,6,FALSE) -> 16 | R48: =Q48-O48 -> 0 | S48: =VLOOKUP(A48,'30.09.25'!A:F,6,FALSE) -> 16 | T48: =S48-Q48 -> 0 | U48: =VLOOKUP(A48,'31.10.25'!A:F,6,FALSE) -> 16 | V48: =U48-S48 -> 0 | W48: =VLOOKUP(A48,'30.11.25'!A:F,6,FALSE) -> 16 | X48: =W48-U48 -> 0 | Y48: =VLOOKUP(A48,'31.12.25'!A:B,2,FALSE) -> 16 | Z48: =Y48-W48 -> 0 | AA48: =Y48-B48 -> 0
A49: Подъемник коленчатый электрический Genie Z-45/25J DC | B49: =VLOOKUP(A49,'31.12.24'!A:F,6,FALSE) -> 13 | C49: =VLOOKUP(A49,'31.01.25'!A:F,6,FALSE) -> 13 | D49: =C49-B49 -> 0 | E49: =VLOOKUP(A49,'28.02.25'!A:F,6,FALSE) -> 13 | F49: =E49-C49 -> 0 | G49: =VLOOKUP(A49,'31.03.25'!A:F,6,FALSE) -> 13 | H49: =G49-E49 -> 0 | I49: =VLOOKUP(A49,'30.04.25'!A:F,6,FALSE) -> 13 | J49: =I49-G49 -> 0 | K49: =VLOOKUP(A49,'31.05.25'!A:F,6,FALSE) -> 13 | L49: =K49-I49 -> 0 | M49: =VLOOKUP(A49,'30.06.25'!A:F,6,FALSE) -> 13 | N49: =M49-K49 -> 0 | O49: =VLOOKUP(A49,'31.07.25'!A:F,6,FALSE) -> 13 | P49: =O49-M49 -> 0 | Q49: =VLOOKUP(A49,'31.08.25'!A:F,6,FALSE) -> 13 | R49: =Q49-O49 -> 0 | S49: =VLOOKUP(A49,'30.09.25'!A:F,6,FALSE) -> 13 | T49: =S49-Q49 -> 0 | U49: =VLOOKUP(A49,'31.10.25'!A:F,6,FALSE) -> 13 | V49: =U49-S49 -> 0 | W49: =VLOOKUP(A49,'30.11.25'!A:F,6,FALSE) -> 13 | X49: =W49-U49 -> 0 | Y49: =VLOOKUP(A49,'31.12.25'!A:B,2,FALSE) -> 13 | Z49: =Y49-W49 -> 0 | AA49: =Y49-B49 -> 0
A50: Подъемник коленчатый электрический HAULOTTE HA12 IP | B50: =VLOOKUP(A50,'31.12.24'!A:F,6,FALSE) -> 1 | C50: =VLOOKUP(A50,'31.01.25'!A:F,6,FALSE) -> 1 | D50: =C50-B50 -> 0 | E50: =VLOOKUP(A50,'28.02.25'!A:F,6,FALSE) -> 1 | F50: =E50-C50 -> 0 | G50: =VLOOKUP(A50,'31.03.25'!A:F,6,FALSE) -> 1 | H50: =G50-E50 -> 0 | I50: =VLOOKUP(A50,'30.04.25'!A:F,6,FALSE) -> 1 | J50: =I50-G50 -> 0 | K50: =VLOOKUP(A50,'31.05.25'!A:F,6,FALSE) -> 1 | L50: =K50-I50 -> 0 | M50: =VLOOKUP(A50,'30.06.25'!A:F,6,FALSE) -> 1 | N50: =M50-K50 -> 0 | O50: =VLOOKUP(A50,'31.07.25'!A:F,6,FALSE) -> 1 | P50: =O50-M50 -> 0 | Q50: =VLOOKUP(A50,'31.08.25'!A:F,6,FALSE) -> 1 | R50: =Q50-O50 -> 0 | S50: =VLOOKUP(A50,'30.09.25'!A:F,6,FALSE) -> 1 | T50: =S50-Q50 -> 0 | U50: =VLOOKUP(A50,'31.10.25'!A:F,6,FALSE) -> 1 | V50: =U50-S50 -> 0 | W50: =VLOOKUP(A50,'30.11.25'!A:F,6,FALSE) -> 1 | X50: =W50-U50 -> 0 | Y50: =VLOOKUP(A50,'31.12.25'!A:B,2,FALSE) -> 1 | Z50: =Y50-W50 -> 0 | AA50: =Y50-B50 -> 0
A51: Подъемник коленчатый электрический HAULOTTE HA15 IP | B51: =VLOOKUP(A51,'31.12.24'!A:F,6,FALSE) -> 7 | C51: =VLOOKUP(A51,'31.01.25'!A:F,6,FALSE) -> 7 | D51: =C51-B51 -> 0 | E51: =VLOOKUP(A51,'28.02.25'!A:F,6,FALSE) -> 7 | F51: =E51-C51 -> 0 | G51: =VLOOKUP(A51,'31.03.25'!A:F,6,FALSE) -> 7 | H51: =G51-E51 -> 0 | I51: =VLOOKUP(A51,'30.04.25'!A:F,6,FALSE) -> 7 | J51: =I51-G51 -> 0 | K51: =VLOOKUP(A51,'31.05.25'!A:F,6,FALSE) -> 7 | L51: =K51-I51 -> 0 | M51: =VLOOKUP(A51,'30.06.25'!A:F,6,FALSE) -> 7 | N51: =M51-K51 -> 0 | O51: =VLOOKUP(A51,'31.07.25'!A:F,6,FALSE) -> 7 | P51: =O51-M51 -> 0 | Q51: =VLOOKUP(A51,'31.08.25'!A:F,6,FALSE) -> 7 | R51: =Q51-O51 -> 0 | S51: =VLOOKUP(A51,'30.09.25'!A:F,6,FALSE) -> 7 | T51: =S51-Q51 -> 0 | U51: =VLOOKUP(A51,'31.10.25'!A:F,6,FALSE) -> 7 | V51: =U51-S51 -> 0 | W51: =VLOOKUP(A51,'30.11.25'!A:F,6,FALSE) -> 7 | X51: =W51-U51 -> 0 | Y51: =VLOOKUP(A51,'31.12.25'!A:B,2,FALSE) -> 7 | Z51: =Y51-W51 -> 0 | AA51: =Y51-B51 -> 0
A52: Подъемник коленчатый электрический JLG E450AJ | B52: =VLOOKUP(A52,'31.12.24'!A:F,6,FALSE) -> 2 | C52: =VLOOKUP(A52,'31.01.25'!A:F,6,FALSE) -> 2 | D52: =C52-B52 -> 0 | E52: =VLOOKUP(A52,'28.02.25'!A:F,6,FALSE) -> 2 | F52: =E52-C52 -> 0 | G52: =VLOOKUP(A52,'31.03.25'!A:F,6,FALSE) -> 2 | H52: =G52-E52 -> 0 | I52: =VLOOKUP(A52,'30.04.25'!A:F,6,FALSE) -> 2 | J52: =I52-G52 -> 0 | K52: =VLOOKUP(A52,'31.05.25'!A:F,6,FALSE) -> 2 | L52: =K52-I52 -> 0 | M52: =VLOOKUP(A52,'30.06.25'!A:F,6,FALSE) -> 2 | N52: =M52-K52 -> 0 | O52: =VLOOKUP(A52,'31.07.25'!A:F,6,FALSE) -> 2 | P52: =O52-M52 -> 0 | Q52: =VLOOKUP(A52,'31.08.25'!A:F,6,FALSE) -> 2 | R52: =Q52-O52 -> 0 | S52: =VLOOKUP(A52,'30.09.25'!A:F,6,FALSE) -> 2 | T52: =S52-Q52 -> 0 | U52: =VLOOKUP(A52,'31.10.25'!A:F,6,FALSE) -> 2 | V52: =U52-S52 -> 0 | W52: =VLOOKUP(A52,'30.11.25'!A:F,6,FALSE) -> 2 | X52: =W52-U52 -> 0 | Y52: =VLOOKUP(A52,'31.12.25'!A:B,2,FALSE) -> 2 | Z52: =Y52-W52 -> 0 | AA52: =Y52-B52 -> 0
A53: Подъемник коленчатый электрический LGMG A14JE | B53: =VLOOKUP(A53,'31.12.24'!A:F,6,FALSE) -> 15 | C53: =VLOOKUP(A53,'31.01.25'!A:F,6,FALSE) -> 15 | D53: =C53-B53 -> 0 | E53: =VLOOKUP(A53,'28.02.25'!A:F,6,FALSE) -> 15 | F53: =E53-C53 -> 0 | G53: =VLOOKUP(A53,'31.03.25'!A:F,6,FALSE) -> 15 | H53: =G53-E53 -> 0 | I53: =VLOOKUP(A53,'30.04.25'!A:F,6,FALSE) -> 15 | J53: =I53-G53 -> 0 | K53: =VLOOKUP(A53,'31.05.25'!A:F,6,FALSE) -> 15 | L53: =K53-I53 -> 0 | M53: =VLOOKUP(A53,'30.06.25'!A:F,6,FALSE) -> 15 | N53: =M53-K53 -> 0 | O53: =VLOOKUP(A53,'31.07.25'!A:F,6,FALSE) -> 15 | P53: =O53-M53 -> 0 | Q53: =VLOOKUP(A53,'31.08.25'!A:F,6,FALSE) -> 15 | R53: =Q53-O53 -> 0 | S53: =VLOOKUP(A53,'30.09.25'!A:F,6,FALSE) -> 15 | T53: =S53-Q53 -> 0 | U53: =VLOOKUP(A53,'31.10.25'!A:F,6,FALSE) -> 15 | V53: =U53-S53 -> 0 | W53: =VLOOKUP(A53,'30.11.25'!A:F,6,FALSE) -> 15 | X53: =W53-U53 -> 0 | Y53: =VLOOKUP(A53,'31.12.25'!A:B,2,FALSE) -> 15 | Z53: =Y53-W53 -> 0 | AA53: =Y53-B53 -> 0
A54: Подъемник коленчатый электрический Sinoboom AB14EJ | B54: =VLOOKUP(A54,'31.12.24'!A:F,6,FALSE) -> 10 | C54: =VLOOKUP(A54,'31.01.25'!A:F,6,FALSE) -> 10 | D54: =C54-B54 -> 0 | E54: =VLOOKUP(A54,'28.02.25'!A:F,6,FALSE) -> 10 | F54: =E54-C54 -> 0 | G54: =VLOOKUP(A54,'31.03.25'!A:F,6,FALSE) -> 10 | H54: =G54-E54 -> 0 | I54: =VLOOKUP(A54,'30.04.25'!A:F,6,FALSE) -> 10 | J54: =I54-G54 -> 0 | K54: =VLOOKUP(A54,'31.05.25'!A:F,6,FALSE) -> 20 | L54: =K54-I54 -> 10 | M54: =VLOOKUP(A54,'30.06.25'!A:F,6,FALSE) -> 28 | N54: =M54-K54 -> 8 | O54: =VLOOKUP(A54,'31.07.25'!A:F,6,FALSE) -> 31 | P54: =O54-M54 -> 3 | Q54: =VLOOKUP(A54,'31.08.25'!A:F,6,FALSE) -> 48 | R54: =Q54-O54 -> 17 | S54: =VLOOKUP(A54,'30.09.25'!A:F,6,FALSE) -> 50 | T54: =S54-Q54 -> 2 | U54: =VLOOKUP(A54,'31.10.25'!A:F,6,FALSE) -> 51 | V54: =U54-S54 -> 1 | W54: =VLOOKUP(A54,'30.11.25'!A:F,6,FALSE) -> 51 | X54: =W54-U54 -> 0 | Y54: =VLOOKUP(A54,'31.12.25'!A:B,2,FALSE) -> 61 | Z54: =Y54-W54 -> 10 | AA54: =Y54-B54 -> 51
A55: Подъемник коленчатый электрический Sinoboom AB16EJ | B55: =VLOOKUP(A55,'31.12.24'!A:F,6,FALSE) -> 33 | C55: =VLOOKUP(A55,'31.01.25'!A:F,6,FALSE) -> 33 | D55: =C55-B55 -> 0 | E55: =VLOOKUP(A55,'28.02.25'!A:F,6,FALSE) -> 48 | F55: =E55-C55 -> 15 | G55: =VLOOKUP(A55,'31.03.25'!A:F,6,FALSE) -> 48 | H55: =G55-E55 -> 0 | I55: =VLOOKUP(A55,'30.04.25'!A:F,6,FALSE) -> 47 | J55: =I55-G55 -> -1 | K55: =VLOOKUP(A55,'31.05.25'!A:F,6,FALSE) -> 47 | L55: =K55-I55 -> 0 | M55: =VLOOKUP(A55,'30.06.25'!A:F,6,FALSE) -> 47 | N55: =M55-K55 -> 0 | O55: =VLOOKUP(A55,'31.07.25'!A:F,6,FALSE) -> 52 | P55: =O55-M55 -> 5 | Q55: =VLOOKUP(A55,'31.08.25'!A:F,6,FALSE) -> 78 | R55: =Q55-O55 -> 26 | S55: =VLOOKUP(A55,'30.09.25'!A:F,6,FALSE) -> 78 | T55: =S55-Q55 -> 0 | U55: =VLOOKUP(A55,'31.10.25'!A:F,6,FALSE) -> 78 | V55: =U55-S55 -> 0 | W55: =VLOOKUP(A55,'30.11.25'!A:F,6,FALSE) -> 83 | X55: =W55-U55 -> 5 | Y55: =VLOOKUP(A55,'31.12.25'!A:B,2,FALSE) -> 88 | Z55: =Y55-W55 -> 5 | AA55: =Y55-B55 -> 55
A56: Подъемник коленчатый электрический Sinoboom AB18EJ | Y56: =VLOOKUP(A56,'31.12.25'!A:B,2,FALSE) -> 2 | Z56: =Y56-W56 -> 2 | AA56: =Y56-B56 -> 2
A57: Подъемник коленчатый электрический Sinoboom AB22EJ Plus | Y57: =VLOOKUP(A57,'31.12.25'!A:B,2,FALSE) -> 4 | Z57: =Y57-W57 -> 4 | AA57: =Y57-B57 -> 4
A58: Подъемник коленчатый электрический Zoomlion ZA10RJE | D58: =C58-B58 -> 0 | F58: =E58-C58 -> 0 | H58: =G58-E58 -> 0 | J58: =I58-G58 -> 0 | K58: =VLOOKUP(A58,'31.05.25'!A:F,6,FALSE) -> 2 | L58: =K58-I58 -> 2 | M58: =VLOOKUP(A58,'30.06.25'!A:F,6,FALSE) -> 2 | N58: =M58-K58 -> 0 | O58: =VLOOKUP(A58,'31.07.25'!A:F,6,FALSE) -> 2 | P58: =O58-M58 -> 0 | Q58: =VLOOKUP(A58,'31.08.25'!A:F,6,FALSE) -> 2 | R58: =Q58-O58 -> 0 | S58: =VLOOKUP(A58,'30.09.25'!A:F,6,FALSE) -> 2 | T58: =S58-Q58 -> 0 | U58: =VLOOKUP(A58,'31.10.25'!A:F,6,FALSE) -> 2 | V58: =U58-S58 -> 0 | W58: =VLOOKUP(A58,'30.11.25'!A:F,6,FALSE) -> 2 | X58: =W58-U58 -> 0 | Y58: =VLOOKUP(A58,'31.12.25'!A:B,2,FALSE) -> 2 | Z58: =Y58-W58 -> 0 | AA58: =Y58-B58 -> 2
A59: Подъемник коленчатый электрический Zoomlion ZA14JE | B59: =VLOOKUP(A59,'31.12.24'!A:F,6,FALSE) -> 37 | C59: =VLOOKUP(A59,'31.01.25'!A:F,6,FALSE) -> 37 | D59: =C59-B59 -> 0 | E59: =VLOOKUP(A59,'28.02.25'!A:F,6,FALSE) -> 37 | F59: =E59-C59 -> 0 | G59: =VLOOKUP(A59,'31.03.25'!A:F,6,FALSE) -> 37 | H59: =G59-E59 -> 0 | I59: =VLOOKUP(A59,'30.04.25'!A:F,6,FALSE) -> 37 | J59: =I59-G59 -> 0 | K59: =VLOOKUP(A59,'31.05.25'!A:F,6,FALSE) -> 37 | L59: =K59-I59 -> 0 | M59: =VLOOKUP(A59,'30.06.25'!A:F,6,FALSE) -> 37 | N59: =M59-K59 -> 0 | O59: =VLOOKUP(A59,'31.07.25'!A:F,6,FALSE) -> 37 | P59: =O59-M59 -> 0 | Q59: =VLOOKUP(A59,'31.08.25'!A:F,6,FALSE) -> 37 | R59: =Q59-O59 -> 0 | S59: =VLOOKUP(A59,'30.09.25'!A:F,6,FALSE) -> 37 | T59: =S59-Q59 -> 0 | U59: =VLOOKUP(A59,'31.10.25'!A:F,6,FALSE) -> 37 | V59: =U59-S59 -> 0 | W59: =VLOOKUP(A59,'30.11.25'!A:F,6,FALSE) -> 37 | X59: =W59-U59 -> 0 | Y59: =VLOOKUP(A59,'31.12.25'!A:B,2,FALSE) -> 37 | Z59: =Y59-W59 -> 0 | AA59: =Y59-B59 -> 0
A60: Подъемник коленчатый электрический Zoomlion ZA14NJE | B60: =VLOOKUP(A60,'31.12.24'!A:F,6,FALSE) -> 27 | C60: =VLOOKUP(A60,'31.01.25'!A:F,6,FALSE) -> 27 | D60: =C60-B60 -> 0 | E60: =VLOOKUP(A60,'28.02.25'!A:F,6,FALSE) -> 27 | F60: =E60-C60 -> 0 | G60: =VLOOKUP(A60,'31.03.25'!A:F,6,FALSE) -> 27 | H60: =G60-E60 -> 0 | I60: =VLOOKUP(A60,'30.04.25'!A:F,6,FALSE) -> 27 | J60: =I60-G60 -> 0 | K60: =VLOOKUP(A60,'31.05.25'!A:F,6,FALSE) -> 27 | L60: =K60-I60 -> 0 | M60: =VLOOKUP(A60,'30.06.25'!A:F,6,FALSE) -> 27 | N60: =M60-K60 -> 0 | O60: =VLOOKUP(A60,'31.07.25'!A:F,6,FALSE) -> 27 | P60: =O60-M60 -> 0 | Q60: =VLOOKUP(A60,'31.08.25'!A:F,6,FALSE) -> 27 | R60: =Q60-O60 -> 0 | S60: =VLOOKUP(A60,'30.09.25'!A:F,6,FALSE) -> 27 | T60: =S60-Q60 -> 0 | U60: =VLOOKUP(A60,'31.10.25'!A:F,6,FALSE) -> 27 | V60: =U60-S60 -> 0 | W60: =VLOOKUP(A60,'30.11.25'!A:F,6,FALSE) -> 27 | X60: =W60-U60 -> 0 | Y60: =VLOOKUP(A60,'31.12.25'!A:B,2,FALSE) -> 27 | Z60: =Y60-W60 -> 0 | AA60: =Y60-B60 -> 0
A61: Подъемник коленчатый электрический Zoomlion ZA20JE | B61: =VLOOKUP(A61,'31.12.24'!A:F,6,FALSE) -> 7 | C61: =VLOOKUP(A61,'31.01.25'!A:F,6,FALSE) -> 7 | D61: =C61-B61 -> 0 | E61: =VLOOKUP(A61,'28.02.25'!A:F,6,FALSE) -> 7 | F61: =E61-C61 -> 0 | G61: =VLOOKUP(A61,'31.03.25'!A:F,6,FALSE) -> 7 | H61: =G61-E61 -> 0 | I61: =VLOOKUP(A61,'30.04.25'!A:F,6,FALSE) -> 7 | J61: =I61-G61 -> 0 | K61: =VLOOKUP(A61,'31.05.25'!A:F,6,FALSE) -> 7 | L61: =K61-I61 -> 0 | M61: =VLOOKUP(A61,'30.06.25'!A:F,6,FALSE) -> 7 | N61: =M61-K61 -> 0 | O61: =VLOOKUP(A61,'31.07.25'!A:F,6,FALSE) -> 7 | P61: =O61-M61 -> 0 | Q61: =VLOOKUP(A61,'31.08.25'!A:F,6,FALSE) -> 7 | R61: =Q61-O61 -> 0 | S61: =VLOOKUP(A61,'30.09.25'!A:F,6,FALSE) -> 7 | T61: =S61-Q61 -> 0 | U61: =VLOOKUP(A61,'31.10.25'!A:F,6,FALSE) -> 7 | V61: =U61-S61 -> 0 | W61: =VLOOKUP(A61,'30.11.25'!A:F,6,FALSE) -> 7 | X61: =W61-U61 -> 0 | Y61: =VLOOKUP(A61,'31.12.25'!A:B,2,FALSE) -> 7 | Z61: =Y61-W61 -> 0 | AA61: =Y61-B61 -> 0
A62: Подъемник коленчатый электрический Zoomlion ZA20JERT | B62: =VLOOKUP(A62,'31.12.24'!A:F,6,FALSE) -> 17 | C62: =VLOOKUP(A62,'31.01.25'!A:F,6,FALSE) -> 17 | D62: =C62-B62 -> 0 | E62: =VLOOKUP(A62,'28.02.25'!A:F,6,FALSE) -> 17 | F62: =E62-C62 -> 0 | G62: =VLOOKUP(A62,'31.03.25'!A:F,6,FALSE) -> 17 | H62: =G62-E62 -> 0 | I62: =VLOOKUP(A62,'30.04.25'!A:F,6,FALSE) -> 17 | J62: =I62-G62 -> 0 | K62: =VLOOKUP(A62,'31.05.25'!A:F,6,FALSE) -> 20 | L62: =K62-I62 -> 3 | M62: =VLOOKUP(A62,'30.06.25'!A:F,6,FALSE) -> 27 | N62: =M62-K62 -> 7 | O62: =VLOOKUP(A62,'31.07.25'!A:F,6,FALSE) -> 27 | P62: =O62-M62 -> 0 | Q62: =VLOOKUP(A62,'31.08.25'!A:F,6,FALSE) -> 31 | R62: =Q62-O62 -> 4 | S62: =VLOOKUP(A62,'30.09.25'!A:F,6,FALSE) -> 31 | T62: =S62-Q62 -> 0 | U62: =VLOOKUP(A62,'31.10.25'!A:F,6,FALSE) -> 32 | V62: =U62-S62 -> 1 | W62: =VLOOKUP(A62,'30.11.25'!A:F,6,FALSE) -> 36 | X62: =W62-U62 -> 4 | Y62: =VLOOKUP(A62,'31.12.25'!A:B,2,FALSE) -> 36 | Z62: =Y62-W62 -> 0 | AA62: =Y62-B62 -> 19
A63: Подъемник коленчатый электрический Zoomlion ZA20JERT-Li | D63: =C63-B63 -> 0 | F63: =E63-C63 -> 0 | H63: =G63-E63 -> 0 | J63: =I63-G63 -> 0 | L63: =K63-I63 -> 0 | N63: =M63-K63 -> 0 | P63: =O63-M63 -> 0 | Q63: =VLOOKUP(A63,'31.08.25'!A:F,6,FALSE) -> 1 | R63: =Q63-O63 -> 1 | S63: =VLOOKUP(A63,'30.09.25'!A:F,6,FALSE) -> 1 | T63: =S63-Q63 -> 0 | U63: =VLOOKUP(A63,'31.10.25'!A:F,6,FALSE) -> 1 | V63: =U63-S63 -> 0 | W63: =VLOOKUP(A63,'30.11.25'!A:F,6,FALSE) -> 1 | X63: =W63-U63 -> 0 | Y63: =VLOOKUP(A63,'31.12.25'!A:B,2,FALSE) -> 1 | Z63: =Y63-W63 -> 0 | AA63: =Y63-B63 -> 1
A64: Подъемник мачтовый электрический Dingli AMWP11.5-8100 | B64: =VLOOKUP(A64,'31.12.24'!A:F,6,FALSE) -> 8 | C64: =VLOOKUP(A64,'31.01.25'!A:F,6,FALSE) -> 8 | D64: =C64-B64 -> 0 | E64: =VLOOKUP(A64,'28.02.25'!A:F,6,FALSE) -> 8 | F64: =E64-C64 -> 0 | G64: =VLOOKUP(A64,'31.03.25'!A:F,6,FALSE) -> 8 | H64: =G64-E64 -> 0 | I64: =VLOOKUP(A64,'30.04.25'!A:F,6,FALSE) -> 8 | J64: =I64-G64 -> 0 | K64: =VLOOKUP(A64,'31.05.25'!A:F,6,FALSE) -> 8 | L64: =K64-I64 -> 0 | M64: =VLOOKUP(A64,'30.06.25'!A:F,6,FALSE) -> 8 | N64: =M64-K64 -> 0 | O64: =VLOOKUP(A64,'31.07.25'!A:F,6,FALSE) -> 8 | P64: =O64-M64 -> 0 | Q64: =VLOOKUP(A64,'31.08.25'!A:F,6,FALSE) -> 8 | R64: =Q64-O64 -> 0 | S64: =VLOOKUP(A64,'30.09.25'!A:F,6,FALSE) -> 8 | T64: =S64-Q64 -> 0 | U64: =VLOOKUP(A64,'31.10.25'!A:F,6,FALSE) -> 8 | V64: =U64-S64 -> 0 | W64: =VLOOKUP(A64,'30.11.25'!A:F,6,FALSE) -> 8 | X64: =W64-U64 -> 0 | Y64: =VLOOKUP(A64,'31.12.25'!A:B,2,FALSE) -> 8 | Z64: =Y64-W64 -> 0 | AA64: =Y64-B64 -> 0
A65: Подъемник мачтовый электрический Dingli AMWP11.5-8100AC | B65: =VLOOKUP(A65,'31.12.24'!A:F,6,FALSE) -> 16 | C65: =VLOOKUP(A65,'31.01.25'!A:F,6,FALSE) -> 16 | D65: =C65-B65 -> 0 | E65: =VLOOKUP(A65,'28.02.25'!A:F,6,FALSE) -> 16 | F65: =E65-C65 -> 0 | G65: =VLOOKUP(A65,'31.03.25'!A:F,6,FALSE) -> 16 | H65: =G65-E65 -> 0 | I65: =VLOOKUP(A65,'30.04.25'!A:F,6,FALSE) -> 16 | J65: =I65-G65 -> 0 | K65: =VLOOKUP(A65,'31.05.25'!A:F,6,FALSE) -> 16 | L65: =K65-I65 -> 0 | M65: =VLOOKUP(A65,'30.06.25'!A:F,6,FALSE) -> 16 | N65: =M65-K65 -> 0 | O65: =VLOOKUP(A65,'31.07.25'!A:F,6,FALSE) -> 16 | P65: =O65-M65 -> 0 | Q65: =VLOOKUP(A65,'31.08.25'!A:F,6,FALSE) -> 16 | R65: =Q65-O65 -> 0 | S65: =VLOOKUP(A65,'30.09.25'!A:F,6,FALSE) -> 16 | T65: =S65-Q65 -> 0 | U65: =VLOOKUP(A65,'31.10.25'!A:F,6,FALSE) -> 16 | V65: =U65-S65 -> 0 | W65: =VLOOKUP(A65,'30.11.25'!A:F,6,FALSE) -> 16 | X65: =W65-U65 -> 0 | Y65: =VLOOKUP(A65,'31.12.25'!A:B,2,FALSE) -> 16 | Z65: =Y65-W65 -> 0 | AA65: =Y65-B65 -> 0
A66: Подъемник мачтовый электрический Dingli AMWP11.5-8200AC | D66: =C66-B66 -> 0 | F66: =E66-C66 -> 0 | H66: =G66-E66 -> 0 | J66: =I66-G66 -> 0 | L66: =K66-I66 -> 0 | N66: =M66-K66 -> 0 | O66: =VLOOKUP(A66,'31.07.25'!A:F,6,FALSE) -> 7 | P66: =O66-M66 -> 7 | Q66: =VLOOKUP(A66,'31.08.25'!A:F,6,FALSE) -> 11 | R66: =Q66-O66 -> 4 | S66: =VLOOKUP(A66,'30.09.25'!A:F,6,FALSE) -> 15 | T66: =S66-Q66 -> 4 | U66: =VLOOKUP(A66,'31.10.25'!A:F,6,FALSE) -> 15 | V66: =U66-S66 -> 0 | W66: =VLOOKUP(A66,'30.11.25'!A:F,6,FALSE) -> 16 | X66: =W66-U66 -> 1 | Y66: =VLOOKUP(A66,'31.12.25'!A:B,2,FALSE) -> 24 | Z66: =Y66-W66 -> 8 | AA66: =Y66-B66 -> 24
A67: Подъемник мачтовый электрический Sinoboom ML08EJ | D67: =C67-B67 -> 0 | F67: =E67-C67 -> 0 | H67: =G67-E67 -> 0 | J67: =I67-G67 -> 0 | L67: =K67-I67 -> 0 | N67: =M67-K67 -> 0 | P67: =O67-M67 -> 0 | Q67: =VLOOKUP(A67,'31.08.25'!A:F,6,FALSE) -> 2 | R67: =Q67-O67 -> 2 | S67: =VLOOKUP(A67,'30.09.25'!A:F,6,FALSE) -> 9 | T67: =S67-Q67 -> 7 | U67: =VLOOKUP(A67,'31.10.25'!A:F,6,FALSE) -> 9 | V67: =U67-S67 -> 0 | W67: =VLOOKUP(A67,'30.11.25'!A:F,6,FALSE) -> 9 | X67: =W67-U67 -> 0 | Y67: =VLOOKUP(A67,'31.12.25'!A:B,2,FALSE) -> 9 | Z67: =Y67-W67 -> 0 | AA67: =Y67-B67 -> 9
A68: Подъемник ножничный дизельный Aurora AS2023RT(S) | D68: =C68-B68 -> 0 | F68: =E68-C68 -> 0 | H68: =G68-E68 -> 0 | J68: =I68-G68 -> 0 | L68: =K68-I68 -> 0 | N68: =M68-K68 -> 0 | P68: =O68-M68 -> 0 | R68: =Q68-O68 -> 0 | T68: =S68-Q68 -> 0 | U68: =VLOOKUP(A68,'31.10.25'!A:F,6,FALSE) -> 10 | V68: =U68-S68 -> 10 | W68: =VLOOKUP(A68,'30.11.25'!A:F,6,FALSE) -> 14 | X68: =W68-U68 -> 4 | Y68: =VLOOKUP(A68,'31.12.25'!A:B,2,FALSE) -> 28 | Z68: =Y68-W68 -> 14 | AA68: =Y68-B68 -> 28
A69: Подъемник ножничный дизельный Dingli JCPT1218RT | B69: =VLOOKUP(A69,'31.12.24'!A:F,6,FALSE) -> 2 | C69: =VLOOKUP(A69,'31.01.25'!A:F,6,FALSE) -> 2 | D69: =C69-B69 -> 0 | E69: =VLOOKUP(A69,'28.02.25'!A:F,6,FALSE) -> 2 | F69: =E69-C69 -> 0 | G69: =VLOOKUP(A69,'31.03.25'!A:F,6,FALSE) -> 2 | H69: =G69-E69 -> 0 | I69: =VLOOKUP(A69,'30.04.25'!A:F,6,FALSE) -> 2 | J69: =I69-G69 -> 0 | K69: =VLOOKUP(A69,'31.05.25'!A:F,6,FALSE) -> 2 | L69: =K69-I69 -> 0 | M69: =VLOOKUP(A69,'30.06.25'!A:F,6,FALSE) -> 2 | N69: =M69-K69 -> 0 | O69: =VLOOKUP(A69,'31.07.25'!A:F,6,FALSE) -> 2 | P69: =O69-M69 -> 0 | Q69: =VLOOKUP(A69,'31.08.25'!A:F,6,FALSE) -> 2 | R69: =Q69-O69 -> 0 | S69: =VLOOKUP(A69,'30.09.25'!A:F,6,FALSE) -> 2 | T69: =S69-Q69 -> 0 | U69: =VLOOKUP(A69,'31.10.25'!A:F,6,FALSE) -> 2 | V69: =U69-S69 -> 0 | W69: =VLOOKUP(A69,'30.11.25'!A:F,6,FALSE) -> 2 | X69: =W69-U69 -> 0 | Y69: =VLOOKUP(A69,'31.12.25'!A:B,2,FALSE) -> 2 | Z69: =Y69-W69 -> 0 | AA69: =Y69-B69 -> 0
A70: Подъемник ножничный дизельный Dingli JCPT1418RT | B70: =VLOOKUP(A70,'31.12.24'!A:F,6,FALSE) -> 115 | C70: =VLOOKUP(A70,'31.01.25'!A:F,6,FALSE) -> 120 | D70: =C70-B70 -> 5 | E70: =VLOOKUP(A70,'28.02.25'!A:F,6,FALSE) -> 120 | F70: =E70-C70 -> 0 | G70: =VLOOKUP(A70,'31.03.25'!A:F,6,FALSE) -> 120 | H70: =G70-E70 -> 0 | I70: =VLOOKUP(A70,'30.04.25'!A:F,6,FALSE) -> 124 | J70: =I70-G70 -> 4 | K70: =VLOOKUP(A70,'31.05.25'!A:F,6,FALSE) -> 122 | L70: =K70-I70 -> -2 | M70: =VLOOKUP(A70,'30.06.25'!A:F,6,FALSE) -> 122 | N70: =M70-K70 -> 0 | O70: =VLOOKUP(A70,'31.07.25'!A:F,6,FALSE) -> 127 | P70: =O70-M70 -> 5 | Q70: =VLOOKUP(A70,'31.08.25'!A:F,6,FALSE) -> 142 | R70: =Q70-O70 -> 15 | S70: =VLOOKUP(A70,'30.09.25'!A:F,6,FALSE) -> 142 | T70: =S70-Q70 -> 0 | U70: =VLOOKUP(A70,'31.10.25'!A:F,6,FALSE) -> 155 | V70: =U70-S70 -> 13 | W70: =VLOOKUP(A70,'30.11.25'!A:F,6,FALSE) -> 155 | X70: =W70-U70 -> 0 | Y70: =VLOOKUP(A70,'31.12.25'!A:B,2,FALSE) -> 154 | Z70: =Y70-W70 -> -1 | AA70: =Y70-B70 -> 39
A71: Подъемник ножничный дизельный Dingli JCPT1823RTB | B71: =VLOOKUP(A71,'31.12.24'!A:F,6,FALSE) -> 11 | C71: =VLOOKUP(A71,'31.01.25'!A:F,6,FALSE) -> 11 | D71: =C71-B71 -> 0 | E71: =VLOOKUP(A71,'28.02.25'!A:F,6,FALSE) -> 11 | F71: =E71-C71 -> 0 | G71: =VLOOKUP(A71,'31.03.25'!A:F,6,FALSE) -> 11 | H71: =G71-E71 -> 0 | I71: =VLOOKUP(A71,'30.04.25'!A:F,6,FALSE) -> 11 | J71: =I71-G71 -> 0 | K71: =VLOOKUP(A71,'31.05.25'!A:F,6,FALSE) -> 11 | L71: =K71-I71 -> 0 | M71: =VLOOKUP(A71,'30.06.25'!A:F,6,FALSE) -> 11 | N71: =M71-K71 -> 0 | O71: =VLOOKUP(A71,'31.07.25'!A:F,6,FALSE) -> 11 | P71: =O71-M71 -> 0 | Q71: =VLOOKUP(A71,'31.08.25'!A:F,6,FALSE) -> 11 | R71: =Q71-O71 -> 0 | S71: =VLOOKUP(A71,'30.09.25'!A:F,6,FALSE) -> 11 | T71: =S71-Q71 -> 0 | U71: =VLOOKUP(A71,'31.10.25'!A:F,6,FALSE) -> 11 | V71: =U71-S71 -> 0 | W71: =VLOOKUP(A71,'30.11.25'!A:F,6,FALSE) -> 11 | X71: =W71-U71 -> 0 | Y71: =VLOOKUP(A71,'31.12.25'!A:B,2,FALSE) -> 11 | Z71: =Y71-W71 -> 0 | AA71: =Y71-B71 -> 0
A72: Подъемник ножничный дизельный Dingli JCPT1823RTL | B72: =VLOOKUP(A72,'31.12.24'!A:F,6,FALSE) -> 33 | C72: =VLOOKUP(A72,'31.01.25'!A:F,6,FALSE) -> 33 | D72: =C72-B72 -> 0 | E72: =VLOOKUP(A72,'28.02.25'!A:F,6,FALSE) -> 33 | F72: =E72-C72 -> 0 | G72: =VLOOKUP(A72,'31.03.25'!A:F,6,FALSE) -> 33 | H72: =G72-E72 -> 0 | I72: =VLOOKUP(A72,'30.04.25'!A:F,6,FALSE) -> 33 | J72: =I72-G72 -> 0 | K72: =VLOOKUP(A72,'31.05.25'!A:F,6,FALSE) -> 33 | L72: =K72-I72 -> 0 | M72: =VLOOKUP(A72,'30.06.25'!A:F,6,FALSE) -> 33 | N72: =M72-K72 -> 0 | O72: =VLOOKUP(A72,'31.07.25'!A:F,6,FALSE) -> 34 | P72: =O72-M72 -> 1 | Q72: =VLOOKUP(A72,'31.08.25'!A:F,6,FALSE) -> 34 | R72: =Q72-O72 -> 0 | S72: =VLOOKUP(A72,'30.09.25'!A:F,6,FALSE) -> 34 | T72: =S72-Q72 -> 0 | U72: =VLOOKUP(A72,'31.10.25'!A:F,6,FALSE) -> 34 | V72: =U72-S72 -> 0 | W72: =VLOOKUP(A72,'30.11.25'!A:F,6,FALSE) -> 34 | X72: =W72-U72 -> 0 | Y72: =VLOOKUP(A72,'31.12.25'!A:B,2,FALSE) -> 34 | Z72: =Y72-W72 -> 0 | AA72: =Y72-B72 -> 1
A73: Подъемник ножничный дизельный LGMG AS1623RT | B73: =VLOOKUP(A73,'31.12.24'!A:F,6,FALSE) -> 1 | C73: =VLOOKUP(A73,'31.01.25'!A:F,6,FALSE) -> 1 | D73: =C73-B73 -> 0 | E73: =VLOOKUP(A73,'28.02.25'!A:F,6,FALSE) -> 1 | F73: =E73-C73 -> 0 | G73: =VLOOKUP(A73,'31.03.25'!A:F,6,FALSE) -> 1 | H73: =G73-E73 -> 0 | I73: =VLOOKUP(A73,'30.04.25'!A:F,6,FALSE) -> 1 | J73: =I73-G73 -> 0 | K73: =VLOOKUP(A73,'31.05.25'!A:F,6,FALSE) -> 1 | L73: =K73-I73 -> 0 | M73: =VLOOKUP(A73,'30.06.25'!A:F,6,FALSE) -> 1 | N73: =M73-K73 -> 0 | O73: =VLOOKUP(A73,'31.07.25'!A:F,6,FALSE) -> 1 | P73: =O73-M73 -> 0 | Q73: =VLOOKUP(A73,'31.08.25'!A:F,6,FALSE) -> 1 | R73: =Q73-O73 -> 0 | S73: =VLOOKUP(A73,'30.09.25'!A:F,6,FALSE) -> 1 | T73: =S73-Q73 -> 0 | U73: =VLOOKUP(A73,'31.10.25'!A:F,6,FALSE) -> 1 | V73: =U73-S73 -> 0 | W73: =VLOOKUP(A73,'30.11.25'!A:F,6,FALSE) -> 1 | X73: =W73-U73 -> 0 | Y73: =VLOOKUP(A73,'31.12.25'!A:B,2,FALSE) -> 1 | Z73: =Y73-W73 -> 0 | AA73: =Y73-B73 -> 0
A74: Подъемник ножничный дизельный LGMG SR1218D | B74: =VLOOKUP(A74,'31.12.24'!A:F,6,FALSE) -> 16 | C74: =VLOOKUP(A74,'31.01.25'!A:F,6,FALSE) -> 16 | D74: =C74-B74 -> 0 | E74: =VLOOKUP(A74,'28.02.25'!A:F,6,FALSE) -> 16 | F74: =E74-C74 -> 0 | G74: =VLOOKUP(A74,'31.03.25'!A:F,6,FALSE) -> 16 | H74: =G74-E74 -> 0 | I74: =VLOOKUP(A74,'30.04.25'!A:F,6,FALSE) -> 16 | J74: =I74-G74 -> 0 | K74: =VLOOKUP(A74,'31.05.25'!A:F,6,FALSE) -> 16 | L74: =K74-I74 -> 0 | M74: =VLOOKUP(A74,'30.06.25'!A:F,6,FALSE) -> 16 | N74: =M74-K74 -> 0 | O74: =VLOOKUP(A74,'31.07.25'!A:F,6,FALSE) -> 16 | P74: =O74-M74 -> 0 | Q74: =VLOOKUP(A74,'31.08.25'!A:F,6,FALSE) -> 16 | R74: =Q74-O74 -> 0 | S74: =VLOOKUP(A74,'30.09.25'!A:F,6,FALSE) -> 16 | T74: =S74-Q74 -> 0 | U74: =VLOOKUP(A74,'31.10.25'!A:F,6,FALSE) -> 16 | V74: =U74-S74 -> 0 | W74: =VLOOKUP(A74,'30.11.25'!A:F,6,FALSE) -> 16 | X74: =W74-U74 -> 0 | Y74: =VLOOKUP(A74,'31.12.25'!A:B,2,FALSE) -> 16 | Z74: =Y74-W74 -> 0 | AA74: =Y74-B74 -> 0
A75: Подъемник ножничный дизельный LGMG SR1323D | B75: =VLOOKUP(A75,'31.12.24'!A:F,6,FALSE) -> 9 | C75: =VLOOKUP(A75,'31.01.25'!A:F,6,FALSE) -> 9 | D75: =C75-B75 -> 0 | E75: =VLOOKUP(A75,'28.02.25'!A:F,6,FALSE) -> 9 | F75: =E75-C75 -> 0 | G75: =VLOOKUP(A75,'31.03.25'!A:F,6,FALSE) -> 9 | H75: =G75-E75 -> 0 | I75: =VLOOKUP(A75,'30.04.25'!A:F,6,FALSE) -> 9 | J75: =I75-G75 -> 0 | K75: =VLOOKUP(A75,'31.05.25'!A:F,6,FALSE) -> 9 | L75: =K75-I75 -> 0 | M75: =VLOOKUP(A75,'30.06.25'!A:F,6,FALSE) -> 9 | N75: =M75-K75 -> 0 | O75: =VLOOKUP(A75,'31.07.25'!A:F,6,FALSE) -> 9 | P75: =O75-M75 -> 0 | Q75: =VLOOKUP(A75,'31.08.25'!A:F,6,FALSE) -> 9 | R75: =Q75-O75 -> 0 | S75: =VLOOKUP(A75,'30.09.25'!A:F,6,FALSE) -> 9 | T75: =S75-Q75 -> 0 | U75: =VLOOKUP(A75,'31.10.25'!A:F,6,FALSE) -> 9 | V75: =U75-S75 -> 0 | W75: =VLOOKUP(A75,'30.11.25'!A:F,6,FALSE) -> 9 | X75: =W75-U75 -> 0 | Y75: =VLOOKUP(A75,'31.12.25'!A:B,2,FALSE) -> 9 | Z75: =Y75-W75 -> 0 | AA75: =Y75-B75 -> 0
A76: Подъемник ножничный дизельный LGMG SR1623D | B76: =VLOOKUP(A76,'31.12.24'!A:F,6,FALSE) -> 38 | C76: =VLOOKUP(A76,'31.01.25'!A:F,6,FALSE) -> 38 | D76: =C76-B76 -> 0 | E76: =VLOOKUP(A76,'28.02.25'!A:F,6,FALSE) -> 38 | F76: =E76-C76 -> 0 | G76: =VLOOKUP(A76,'31.03.25'!A:F,6,FALSE) -> 38 | H76: =G76-E76 -> 0 | I76: =VLOOKUP(A76,'30.04.25'!A:F,6,FALSE) -> 38 | J76: =I76-G76 -> 0 | K76: =VLOOKUP(A76,'31.05.25'!A:F,6,FALSE) -> 38 | L76: =K76-I76 -> 0 | M76: =VLOOKUP(A76,'30.06.25'!A:F,6,FALSE) -> 38 | N76: =M76-K76 -> 0 | O76: =VLOOKUP(A76,'31.07.25'!A:F,6,FALSE) -> 38 | P76: =O76-M76 -> 0 | Q76: =VLOOKUP(A76,'31.08.25'!A:F,6,FALSE) -> 38 | R76: =Q76-O76 -> 0 | S76: =VLOOKUP(A76,'30.09.25'!A:F,6,FALSE) -> 38 | T76: =S76-Q76 -> 0 | U76: =VLOOKUP(A76,'31.10.25'!A:F,6,FALSE) -> 38 | V76: =U76-S76 -> 0 | W76: =VLOOKUP(A76,'30.11.25'!A:F,6,FALSE) -> 38 | X76: =W76-U76 -> 0 | Y76: =VLOOKUP(A76,'31.12.25'!A:B,2,FALSE) -> 49 | Z76: =Y76-W76 -> 11 | AA76: =Y76-B76 -> 11
A77: Подъемник ножничный дизельный Sinoboom 1323RD | D77: =C77-B77 -> 0 | F77: =E77-C77 -> 0 | H77: =G77-E77 -> 0 | J77: =I77-G77 -> 0 | L77: =K77-I77 -> 0 | N77: =M77-K77 -> 0 | O77: =VLOOKUP(A77,'31.07.25'!A:F,6,FALSE) -> 8 | P77: =O77-M77 -> 8 | Q77: =VLOOKUP(A77,'31.08.25'!A:F,6,FALSE) -> 10 | R77: =Q77-O77 -> 2 | S77: =VLOOKUP(A77,'30.09.25'!A:F,6,FALSE) -> 10 | T77: =S77-Q77 -> 0 | U77: =VLOOKUP(A77,'31.10.25'!A:F,6,FALSE) -> 10 | V77: =U77-S77 -> 0 | W77: =VLOOKUP(A77,'30.11.25'!A:F,6,FALSE) -> 10 | X77: =W77-U77 -> 0 | Y77: =VLOOKUP(A77,'31.12.25'!A:B,2,FALSE) -> 12 | Z77: =Y77-W77 -> 2 | AA77: =Y77-B77 -> 12
A78: Подъемник ножничный дизельный Sinoboom 1623RD | B78: =VLOOKUP(A78,'31.12.24'!A:F,6,FALSE) -> 10 | C78: =VLOOKUP(A78,'31.01.25'!A:F,6,FALSE) -> 10 | D78: =C78-B78 -> 0 | E78: =VLOOKUP(A78,'28.02.25'!A:F,6,FALSE) -> 10 | F78: =E78-C78 -> 0 | G78: =VLOOKUP(A78,'31.03.25'!A:F,6,FALSE) -> 29 | H78: =G78-E78 -> 19 | I78: =VLOOKUP(A78,'30.04.25'!A:F,6,FALSE) -> 45 | J78: =I78-G78 -> 16 | K78: =VLOOKUP(A78,'31.05.25'!A:F,6,FALSE) -> 55 | L78: =K78-I78 -> 10 | M78: =VLOOKUP(A78,'30.06.25'!A:F,6,FALSE) -> 65 | N78: =M78-K78 -> 10 | O78: =VLOOKUP(A78,'31.07.25'!A:F,6,FALSE) -> 78 | P78: =O78-M78 -> 13 | Q78: =VLOOKUP(A78,'31.08.25'!A:F,6,FALSE) -> 84 | R78: =Q78-O78 -> 6 | S78: =VLOOKUP(A78,'30.09.25'!A:F,6,FALSE) -> 110 | T78: =S78-Q78 -> 26 | U78: =VLOOKUP(A78,'31.10.25'!A:F,6,FALSE) -> 124 | V78: =U78-S78 -> 14 | W78: =VLOOKUP(A78,'30.11.25'!A:F,6,FALSE) -> 124 | X78: =W78-U78 -> 0 | Y78: =VLOOKUP(A78,'31.12.25'!A:B,2,FALSE) -> 126 | Z78: =Y78-W78 -> 2 | AA78: =Y78-B78 -> 116
A79: Подъемник ножничный дизельный Sunward SWSL1823RT | D79: =C79-B79 -> 0 | F79: =E79-C79 -> 0 | H79: =G79-E79 -> 0 | J79: =I79-G79 -> 0 | L79: =K79-I79 -> 0 | N79: =M79-K79 -> 0 | P79: =O79-M79 -> 0 | R79: =Q79-O79 -> 0 | S79: =VLOOKUP(A79,'30.09.25'!A:F,6,FALSE) -> 4 | T79: =S79-Q79 -> 4 | U79: =VLOOKUP(A79,'31.10.25'!A:F,6,FALSE) -> 34 | V79: =U79-S79 -> 30 | W79: =VLOOKUP(A79,'30.11.25'!A:F,6,FALSE) -> 36 | X79: =W79-U79 -> 2 | Y79: =VLOOKUP(A79,'31.12.25'!A:B,2,FALSE) -> 36 | Z79: =Y79-W79 -> 0 | AA79: =Y79-B79 -> 36
A80: Подъемник ножничный дизельный Sunward SWSL2023RT | D80: =C80-B80 -> 0 | F80: =E80-C80 -> 0 | H80: =G80-E80 -> 0 | J80: =I80-G80 -> 0 | L80: =K80-I80 -> 0 | N80: =M80-K80 -> 0 | P80: =O80-M80 -> 0 | R80: =Q80-O80 -> 0 | S80: =VLOOKUP(A80,'30.09.25'!A:F,6,FALSE) -> 10 | T80: =S80-Q80 -> 10 | U80: =VLOOKUP(A80,'31.10.25'!A:F,6,FALSE) -> 21 | V80: =U80-S80 -> 11 | W80: =VLOOKUP(A80,'30.11.25'!A:F,6,FALSE) -> 21 | X80: =W80-U80 -> 0 | Y80: =VLOOKUP(A80,'31.12.25'!A:B,2,FALSE) -> 23 | Z80: =Y80-W80 -> 2 | AA80: =Y80-B80 -> 23
A81: Подъемник ножничный дизельный Zoomlion ZS1623RT | B81: =VLOOKUP(A81,'31.12.24'!A:F,6,FALSE) -> 99 | C81: =VLOOKUP(A81,'31.01.25'!A:F,6,FALSE) -> 99 | D81: =C81-B81 -> 0 | E81: =VLOOKUP(A81,'28.02.25'!A:F,6,FALSE) -> 99 | F81: =E81-C81 -> 0 | G81: =VLOOKUP(A81,'31.03.25'!A:F,6,FALSE) -> 99 | H81: =G81-E81 -> 0 | I81: =VLOOKUP(A81,'30.04.25'!A:F,6,FALSE) -> 103 | J81: =I81-G81 -> 4 | K81: =VLOOKUP(A81,'31.05.25'!A:F,6,FALSE) -> 118 | L81: =K81-I81 -> 15 | M81: =VLOOKUP(A81,'30.06.25'!A:F,6,FALSE) -> 118 | N81: =M81-K81 -> 0 | O81: =VLOOKUP(A81,'31.07.25'!A:F,6,FALSE) -> 124 | P81: =O81-M81 -> 6 | Q81: =VLOOKUP(A81,'31.08.25'!A:F,6,FALSE) -> 128 | R81: =Q81-O81 -> 4 | S81: =VLOOKUP(A81,'30.09.25'!A:F,6,FALSE) -> 131 | T81: =S81-Q81 -> 3 | U81: =VLOOKUP(A81,'31.10.25'!A:F,6,FALSE) -> 136 | V81: =U81-S81 -> 5 | W81: =VLOOKUP(A81,'30.11.25'!A:F,6,FALSE) -> 157 | X81: =W81-U81 -> 21 | Y81: =VLOOKUP(A81,'31.12.25'!A:B,2,FALSE) -> 158 | Z81: =Y81-W81 -> 1 | AA81: =Y81-B81 -> 59
A82: Подъемник ножничный электрический Aurora AS0607(H)-Li | B82: =VLOOKUP(A82,'31.12.24'!A:F,6,FALSE) -> 54 | C82: =VLOOKUP(A82,'31.01.25'!A:F,6,FALSE) -> 54 | D82: =C82-B82 -> 0 | E82: =VLOOKUP(A82,'28.02.25'!A:F,6,FALSE) -> 59 | F82: =E82-C82 -> 5 | G82: =VLOOKUP(A82,'31.03.25'!A:F,6,FALSE) -> 59 | H82: =G82-E82 -> 0 | I82: =VLOOKUP(A82,'30.04.25'!A:F,6,FALSE) -> 69 | J82: =I82-G82 -> 10 | K82: =VLOOKUP(A82,'31.05.25'!A:F,6,FALSE) -> 83 | L82: =K82-I82 -> 14 | M82: =VLOOKUP(A82,'30.06.25'!A:F,6,FALSE) -> 100 | N82: =M82-K82 -> 17 | O82: =VLOOKUP(A82,'31.07.25'!A:F,6,FALSE) -> 104 | P82: =O82-M82 -> 4 | Q82: =VLOOKUP(A82,'31.08.25'!A:F,6,FALSE) -> 106 | R82: =Q82-O82 -> 2 | S82: =VLOOKUP(A82,'30.09.25'!A:F,6,FALSE) -> 110 | T82: =S82-Q82 -> 4 | U82: =VLOOKUP(A82,'31.10.25'!A:F,6,FALSE) -> 144 | V82: =U82-S82 -> 34 | W82: =VLOOKUP(A82,'30.11.25'!A:F,6,FALSE) -> 144 | X82: =W82-U82 -> 0 | Y82: =VLOOKUP(A82,'31.12.25'!A:B,2,FALSE) -> 144 | Z82: =Y82-W82 -> 0 | AA82: =Y82-B82 -> 90
A83: Подъемник ножничный электрический Aurora AS0607W(H) | B83: =VLOOKUP(A83,'31.12.24'!A:F,6,FALSE) -> 8 | C83: =VLOOKUP(A83,'31.01.25'!A:F,6,FALSE) -> 8 | D83: =C83-B83 -> 0 | E83: =VLOOKUP(A83,'28.02.25'!A:F,6,FALSE) -> 8 | F83: =E83-C83 -> 0 | G83: =VLOOKUP(A83,'31.03.25'!A:F,6,FALSE) -> 8 | H83: =G83-E83 -> 0 | I83: =VLOOKUP(A83,'30.04.25'!A:F,6,FALSE) -> 8 | J83: =I83-G83 -> 0 | K83: =VLOOKUP(A83,'31.05.25'!A:F,6,FALSE) -> 8 | L83: =K83-I83 -> 0 | M83: =VLOOKUP(A83,'30.06.25'!A:F,6,FALSE) -> 8 | N83: =M83-K83 -> 0 | O83: =VLOOKUP(A83,'31.07.25'!A:F,6,FALSE) -> 8 | P83: =O83-M83 -> 0 | Q83: =VLOOKUP(A83,'31.08.25'!A:F,6,FALSE) -> 8 | R83: =Q83-O83 -> 0 | S83: =VLOOKUP(A83,'30.09.25'!A:F,6,FALSE) -> 8 | T83: =S83-Q83 -> 0 | U83: =VLOOKUP(A83,'31.10.25'!A:F,6,FALSE) -> 8 | V83: =U83-S83 -> 0 | W83: =VLOOKUP(A83,'30.11.25'!A:F,6,FALSE) -> 8 | X83: =W83-U83 -> 0 | Y83: =VLOOKUP(A83,'31.12.25'!A:B,2,FALSE) -> 8 | Z83: =Y83-W83 -> 0 | AA83: =Y83-B83 -> 0
A84: Подъемник ножничный электрический Aurora AS0607W(H)-Li | B84: =VLOOKUP(A84,'31.12.24'!A:F,6,FALSE) -> 47 | C84: =VLOOKUP(A84,'31.01.25'!A:F,6,FALSE) -> 47 | D84: =C84-B84 -> 0 | E84: =VLOOKUP(A84,'28.02.25'!A:F,6,FALSE) -> 47 | F84: =E84-C84 -> 0 | G84: =VLOOKUP(A84,'31.03.25'!A:F,6,FALSE) -> 47 | H84: =G84-E84 -> 0 | I84: =VLOOKUP(A84,'30.04.25'!A:F,6,FALSE) -> 52 | J84: =I84-G84 -> 5 | K84: =VLOOKUP(A84,'31.05.25'!A:F,6,FALSE) -> 52 | L84: =K84-I84 -> 0 | M84: =VLOOKUP(A84,'30.06.25'!A:F,6,FALSE) -> 52 | N84: =M84-K84 -> 0 | O84: =VLOOKUP(A84,'31.07.25'!A:F,6,FALSE) -> 52 | P84: =O84-M84 -> 0 | Q84: =VLOOKUP(A84,'31.08.25'!A:F,6,FALSE) -> 52 | R84: =Q84-O84 -> 0 | S84: =VLOOKUP(A84,'30.09.25'!A:F,6,FALSE) -> 52 | T84: =S84-Q84 -> 0 | U84: =VLOOKUP(A84,'31.10.25'!A:F,6,FALSE) -> 56 | V84: =U84-S84 -> 4 | W84: =VLOOKUP(A84,'30.11.25'!A:F,6,FALSE) -> 59 | X84: =W84-U84 -> 3 | Y84: =VLOOKUP(A84,'31.12.25'!A:B,2,FALSE) -> 60 | Z84: =Y84-W84 -> 1 | AA84: =Y84-B84 -> 13
A85: Подъемник ножничный электрический Aurora AS0608(CF) | B85: =VLOOKUP(A85,'31.12.24'!A:F,6,FALSE) -> 6 | C85: =VLOOKUP(A85,'31.01.25'!A:F,6,FALSE) -> 6 | D85: =C85-B85 -> 0 | E85: =VLOOKUP(A85,'28.02.25'!A:F,6,FALSE) -> 6 | F85: =E85-C85 -> 0 | G85: =VLOOKUP(A85,'31.03.25'!A:F,6,FALSE) -> 6 | H85: =G85-E85 -> 0 | I85: =VLOOKUP(A85,'30.04.25'!A:F,6,FALSE) -> 6 | J85: =I85-G85 -> 0 | K85: =VLOOKUP(A85,'31.05.25'!A:F,6,FALSE) -> 6 | L85: =K85-I85 -> 0 | M85: =VLOOKUP(A85,'30.06.25'!A:F,6,FALSE) -> 6 | N85: =M85-K85 -> 0 | O85: =VLOOKUP(A85,'31.07.25'!A:F,6,FALSE) -> 18 | P85: =O85-M85 -> 12 | Q85: =VLOOKUP(A85,'31.08.25'!A:F,6,FALSE) -> 18 | R85: =Q85-O85 -> 0 | S85: =VLOOKUP(A85,'30.09.25'!A:F,6,FALSE) -> 18 | T85: =S85-Q85 -> 0 | U85: =VLOOKUP(A85,'31.10.25'!A:F,6,FALSE) -> 18 | V85: =U85-S85 -> 0 | W85: =VLOOKUP(A85,'30.11.25'!A:F,6,FALSE) -> 18 | X85: =W85-U85 -> 0 | Y85: =VLOOKUP(A85,'31.12.25'!A:B,2,FALSE) -> 18 | Z85: =Y85-W85 -> 0 | AA85: =Y85-B85 -> 12
A86: Подъемник ножничный электрический Aurora AS0808 (RS) | B86: =VLOOKUP(A86,'31.12.24'!A:F,6,FALSE) -> 102 | C86: =VLOOKUP(A86,'31.01.25'!A:F,6,FALSE) -> 102 | D86: =C86-B86 -> 0 | E86: =VLOOKUP(A86,'28.02.25'!A:F,6,FALSE) -> 102 | F86: =E86-C86 -> 0 | G86: =VLOOKUP(A86,'31.03.25'!A:F,6,FALSE) -> 102 | H86: =G86-E86 -> 0 | I86: =VLOOKUP(A86,'30.04.25'!A:F,6,FALSE) -> 102 | J86: =I86-G86 -> 0 | K86: =VLOOKUP(A86,'31.05.25'!A:F,6,FALSE) -> 102 | L86: =K86-I86 -> 0 | M86: =VLOOKUP(A86,'30.06.25'!A:F,6,FALSE) -> 102 | N86: =M86-K86 -> 0 | O86: =VLOOKUP(A86,'31.07.25'!A:F,6,FALSE) -> 102 | P86: =O86-M86 -> 0 | Q86: =VLOOKUP(A86,'31.08.25'!A:F,6,FALSE) -> 102 | R86: =Q86-O86 -> 0 | S86: =VLOOKUP(A86,'30.09.25'!A:F,6,FALSE) -> 102 | T86: =S86-Q86 -> 0 | U86: =VLOOKUP(A86,'31.10.25'!A:F,6,FALSE) -> 102 | V86: =U86-S86 -> 0 | W86: =VLOOKUP(A86,'30.11.25'!A:F,6,FALSE) -> 102 | X86: =W86-U86 -> 0 | Y86: =VLOOKUP(A86,'31.12.25'!A:B,2,FALSE) -> 102 | Z86: =Y86-W86 -> 0 | AA86: =Y86-B86 -> 0
A87: Подъемник ножничный электрический Aurora AS0808(H) | D87: =C87-B87 -> 0 | E87: =VLOOKUP(A87,'28.02.25'!A:F,6,FALSE) -> 3 | F87: =E87-C87 -> 3 | G87: =VLOOKUP(A87,'31.03.25'!A:F,6,FALSE) -> 3 | H87: =G87-E87 -> 0 | I87: =VLOOKUP(A87,'30.04.25'!A:F,6,FALSE) -> 8 | J87: =I87-G87 -> 5 | K87: =VLOOKUP(A87,'31.05.25'!A:F,6,FALSE) -> 10 | L87: =K87-I87 -> 2 | M87: =VLOOKUP(A87,'30.06.25'!A:F,6,FALSE) -> 15 | N87: =M87-K87 -> 5 | O87: =VLOOKUP(A87,'31.07.25'!A:F,6,FALSE) -> 28 | P87: =O87-M87 -> 13 | Q87: =VLOOKUP(A87,'31.08.25'!A:F,6,FALSE) -> 29 | R87: =Q87-O87 -> 1 | S87: =VLOOKUP(A87,'30.09.25'!A:F,6,FALSE) -> 41 | T87: =S87-Q87 -> 12 | U87: =VLOOKUP(A87,'31.10.25'!A:F,6,FALSE) -> 60 | V87: =U87-S87 -> 19 | W87: =VLOOKUP(A87,'30.11.25'!A:F,6,FALSE) -> 60 | X87: =W87-U87 -> 0 | Y87: =VLOOKUP(A87,'31.12.25'!A:B,2,FALSE) -> 61 | Z87: =Y87-W87 -> 1 | AA87: =Y87-B87 -> 61
A88: Подъемник ножничный электрический Aurora AS0808(H)-Li | D88: =C88-B88 -> 0 | E88: =VLOOKUP(A88,'28.02.25'!A:F,6,FALSE) -> 2 | F88: =E88-C88 -> 2 | G88: =VLOOKUP(A88,'31.03.25'!A:F,6,FALSE) -> 2 | H88: =G88-E88 -> 0 | I88: =VLOOKUP(A88,'30.04.25'!A:F,6,FALSE) -> 2 | J88: =I88-G88 -> 0 | K88: =VLOOKUP(A88,'31.05.25'!A:F,6,FALSE) -> 9 | L88: =K88-I88 -> 7 | M88: =VLOOKUP(A88,'30.06.25'!A:F,6,FALSE) -> 16 | N88: =M88-K88 -> 7 | O88: =VLOOKUP(A88,'31.07.25'!A:F,6,FALSE) -> 37 | P88: =O88-M88 -> 21 | Q88: =VLOOKUP(A88,'31.08.25'!A:F,6,FALSE) -> 45 | R88: =Q88-O88 -> 8 | S88: =VLOOKUP(A88,'30.09.25'!A:F,6,FALSE) -> 47 | T88: =S88-Q88 -> 2 | U88: =VLOOKUP(A88,'31.10.25'!A:F,6,FALSE) -> 77 | V88: =U88-S88 -> 30 | W88: =VLOOKUP(A88,'30.11.25'!A:F,6,FALSE) -> 77 | X88: =W88-U88 -> 0 | Y88: =VLOOKUP(A88,'31.12.25'!A:B,2,FALSE) -> 77 | Z88: =Y88-W88 -> 0 | AA88: =Y88-B88 -> 77
A89: Подъемник ножничный электрический Aurora AS0812(H) | B89: =VLOOKUP(A89,'31.12.24'!A:F,6,FALSE) -> 53 | C89: =VLOOKUP(A89,'31.01.25'!A:F,6,FALSE) -> 53 | D89: =C89-B89 -> 0 | E89: =VLOOKUP(A89,'28.02.25'!A:F,6,FALSE) -> 53 | F89: =E89-C89 -> 0 | G89: =VLOOKUP(A89,'31.03.25'!A:F,6,FALSE) -> 53 | H89: =G89-E89 -> 0 | I89: =VLOOKUP(A89,'30.04.25'!A:F,6,FALSE) -> 53 | J89: =I89-G89 -> 0 | K89: =VLOOKUP(A89,'31.05.25'!A:F,6,FALSE) -> 53 | L89: =K89-I89 -> 0 | M89: =VLOOKUP(A89,'30.06.25'!A:F,6,FALSE) -> 53 | N89: =M89-K89 -> 0 | O89: =VLOOKUP(A89,'31.07.25'!A:F,6,FALSE) -> 53 | P89: =O89-M89 -> 0 | Q89: =VLOOKUP(A89,'31.08.25'!A:F,6,FALSE) -> 53 | R89: =Q89-O89 -> 0 | S89: =VLOOKUP(A89,'30.09.25'!A:F,6,FALSE) -> 53 | T89: =S89-Q89 -> 0 | U89: =VLOOKUP(A89,'31.10.25'!A:F,6,FALSE) -> 53 | V89: =U89-S89 -> 0 | W89: =VLOOKUP(A89,'30.11.25'!A:F,6,FALSE) -> 53 | X89: =W89-U89 -> 0 | Y89: =VLOOKUP(A89,'31.12.25'!A:B,2,FALSE) -> 53 | Z89: =Y89-W89 -> 0 | AA89: =Y89-B89 -> 0
A90: Подъемник ножничный электрический Aurora AS0812(H)-Li | B90: =VLOOKUP(A90,'31.12.24'!A:F,6,FALSE) -> 17 | C90: =VLOOKUP(A90,'31.01.25'!A:F,6,FALSE) -> 17 | D90: =C90-B90 -> 0 | E90: =VLOOKUP(A90,'28.02.25'!A:F,6,FALSE) -> 21 | F90: =E90-C90 -> 4 | G90: =VLOOKUP(A90,'31.03.25'!A:F,6,FALSE) -> 22 | H90: =G90-E90 -> 1 | I90: =VLOOKUP(A90,'30.04.25'!A:F,6,FALSE) -> 27 | J90: =I90-G90 -> 5 | K90: =VLOOKUP(A90,'31.05.25'!A:F,6,FALSE) -> 33 | L90: =K90-I90 -> 6 | M90: =VLOOKUP(A90,'30.06.25'!A:F,6,FALSE) -> 51 | N90: =M90-K90 -> 18 | O90: =VLOOKUP(A90,'31.07.25'!A:F,6,FALSE) -> 53 | P90: =O90-M90 -> 2 | Q90: =VLOOKUP(A90,'31.08.25'!A:F,6,FALSE) -> 61 | R90: =Q90-O90 -> 8 | S90: =VLOOKUP(A90,'30.09.25'!A:F,6,FALSE) -> 65 | T90: =S90-Q90 -> 4 | U90: =VLOOKUP(A90,'31.10.25'!A:F,6,FALSE) -> 65 | V90: =U90-S90 -> 0 | W90: =VLOOKUP(A90,'30.11.25'!A:F,6,FALSE) -> 65 | X90: =W90-U90 -> 0 | Y90: =VLOOKUP(A90,'31.12.25'!A:B,2,FALSE) -> 65 | Z90: =Y90-W90 -> 0 | AA90: =Y90-B90 -> 48
A91: Подъемник ножничный электрический Aurora AS1012 (RS) | B91: =VLOOKUP(A91,'31.12.24'!A:F,6,FALSE) -> 23 | C91: =VLOOKUP(A91,'31.01.25'!A:F,6,FALSE) -> 23 | D91: =C91-B91 -> 0 | E91: =VLOOKUP(A91,'28.02.25'!A:F,6,FALSE) -> 23 | F91: =E91-C91 -> 0 | G91: =VLOOKUP(A91,'31.03.25'!A:F,6,FALSE) -> 23 | H91: =G91-E91 -> 0 | I91: =VLOOKUP(A91,'30.04.25'!A:F,6,FALSE) -> 23 | J91: =I91-G91 -> 0 | K91: =VLOOKUP(A91,'31.05.25'!A:F,6,FALSE) -> 23 | L91: =K91-I91 -> 0 | M91: =VLOOKUP(A91,'30.06.25'!A:F,6,FALSE) -> 23 | N91: =M91-K91 -> 0 | O91: =VLOOKUP(A91,'31.07.25'!A:F,6,FALSE) -> 23 | P91: =O91-M91 -> 0 | Q91: =VLOOKUP(A91,'31.08.25'!A:F,6,FALSE) -> 23 | R91: =Q91-O91 -> 0 | S91: =VLOOKUP(A91,'30.09.25'!A:F,6,FALSE) -> 23 | T91: =S91-Q91 -> 0 | U91: =VLOOKUP(A91,'31.10.25'!A:F,6,FALSE) -> 23 | V91: =U91-S91 -> 0 | W91: =VLOOKUP(A91,'30.11.25'!A:F,6,FALSE) -> 23 | X91: =W91-U91 -> 0 | Y91: =VLOOKUP(A91,'31.12.25'!A:B,2,FALSE) -> 23 | Z91: =Y91-W91 -> 0 | AA91: =Y91-B91 -> 0
A92: Подъемник ножничный электрический Aurora AS1012(H) | D92: =C92-B92 -> 0 | F92: =E92-C92 -> 0 | H92: =G92-E92 -> 0 | J92: =I92-G92 -> 0 | L92: =K92-I92 -> 0 | N92: =M92-K92 -> 0 | O92: =VLOOKUP(A92,'31.07.25'!A:F,6,FALSE) -> 38 | P92: =O92-M92 -> 38 | Q92: =VLOOKUP(A92,'31.08.25'!A:F,6,FALSE) -> 41 | R92: =Q92-O92 -> 3 | S92: =VLOOKUP(A92,'30.09.25'!A:F,6,FALSE) -> 55 | T92: =S92-Q92 -> 14 | U92: =VLOOKUP(A92,'31.10.25'!A:F,6,FALSE) -> 60 | V92: =U92-S92 -> 5 | W92: =VLOOKUP(A92,'30.11.25'!A:F,6,FALSE) -> 60 | X92: =W92-U92 -> 0 | Y92: =VLOOKUP(A92,'31.12.25'!A:B,2,FALSE) -> 72 | Z92: =Y92-W92 -> 12 | AA92: =Y92-B92 -> 72
A93: Подъемник ножничный электрический Aurora AS1012(H)-Li | B93: =VLOOKUP(A93,'31.12.24'!A:F,6,FALSE) -> 62 | C93: =VLOOKUP(A93,'31.01.25'!A:F,6,FALSE) -> 62 | D93: =C93-B93 -> 0 | E93: =VLOOKUP(A93,'28.02.25'!A:F,6,FALSE) -> 72 | F93: =E93-C93 -> 10 | G93: =VLOOKUP(A93,'31.03.25'!A:F,6,FALSE) -> 72 | H93: =G93-E93 -> 0 | I93: =VLOOKUP(A93,'30.04.25'!A:F,6,FALSE) -> 82 | J93: =I93-G93 -> 10 | K93: =VLOOKUP(A93,'31.05.25'!A:F,6,FALSE) -> 102 | L93: =K93-I93 -> 20 | M93: =VLOOKUP(A93,'30.06.25'!A:F,6,FALSE) -> 112 | N93: =M93-K93 -> 10 | O93: =VLOOKUP(A93,'31.07.25'!A:F,6,FALSE) -> 124 | P93: =O93-M93 -> 12 | Q93: =VLOOKUP(A93,'31.08.25'!A:F,6,FALSE) -> 141 | R93: =Q93-O93 -> 17 | S93: =VLOOKUP(A93,'30.09.25'!A:F,6,FALSE) -> 157 | T93: =S93-Q93 -> 16 | U93: =VLOOKUP(A93,'31.10.25'!A:F,6,FALSE) -> 159 | V93: =U93-S93 -> 2 | W93: =VLOOKUP(A93,'30.11.25'!A:F,6,FALSE) -> 159 | X93: =W93-U93 -> 0 | Y93: =VLOOKUP(A93,'31.12.25'!A:B,2,FALSE) -> 169 | Z93: =Y93-W93 -> 10 | AA93: =Y93-B93 -> 107
A94: Подъемник ножничный электрический Aurora AS1212 (RS) | B94: =VLOOKUP(A94,'31.12.24'!A:F,6,FALSE) -> 27 | C94: =VLOOKUP(A94,'31.01.25'!A:F,6,FALSE) -> 27 | D94: =C94-B94 -> 0 | E94: =VLOOKUP(A94,'28.02.25'!A:F,6,FALSE) -> 27 | F94: =E94-C94 -> 0 | G94: =VLOOKUP(A94,'31.03.25'!A:F,6,FALSE) -> 27 | H94: =G94-E94 -> 0 | I94: =VLOOKUP(A94,'30.04.25'!A:F,6,FALSE) -> 27 | J94: =I94-G94 -> 0 | K94: =VLOOKUP(A94,'31.05.25'!A:F,6,FALSE) -> 27 | L94: =K94-I94 -> 0 | M94: =VLOOKUP(A94,'30.06.25'!A:F,6,FALSE) -> 27 | N94: =M94-K94 -> 0 | O94: =VLOOKUP(A94,'31.07.25'!A:F,6,FALSE) -> 27 | P94: =O94-M94 -> 0 | Q94: =VLOOKUP(A94,'31.08.25'!A:F,6,FALSE) -> 27 | R94: =Q94-O94 -> 0 | S94: =VLOOKUP(A94,'30.09.25'!A:F,6,FALSE) -> 27 | T94: =S94-Q94 -> 0 | U94: =VLOOKUP(A94,'31.10.25'!A:F,6,FALSE) -> 27 | V94: =U94-S94 -> 0 | W94: =VLOOKUP(A94,'30.11.25'!A:F,6,FALSE) -> 27 | X94: =W94-U94 -> 0 | Y94: =VLOOKUP(A94,'31.12.25'!A:B,2,FALSE) -> 27 | Z94: =Y94-W94 -> 0 | AA94: =Y94-B94 -> 0
A95: Подъемник ножничный электрический Aurora AS1212(H) | D95: =C95-B95 -> 0 | F95: =E95-C95 -> 0 | H95: =G95-E95 -> 0 | J95: =I95-G95 -> 0 | L95: =K95-I95 -> 0 | N95: =M95-K95 -> 0 | O95: =VLOOKUP(A95,'31.07.25'!A:F,6,FALSE) -> 28 | P95: =O95-M95 -> 28 | Q95: =VLOOKUP(A95,'31.08.25'!A:F,6,FALSE) -> 36 | R95: =Q95-O95 -> 8 | S95: =VLOOKUP(A95,'30.09.25'!A:F,6,FALSE) -> 59 | T95: =S95-Q95 -> 23 | U95: =VLOOKUP(A95,'31.10.25'!A:F,6,FALSE) -> 60 | V95: =U95-S95 -> 1 | W95: =VLOOKUP(A95,'30.11.25'!A:F,6,FALSE) -> 60 | X95: =W95-U95 -> 0 | Y95: =VLOOKUP(A95,'31.12.25'!A:B,2,FALSE) -> 68 | Z95: =Y95-W95 -> 8 | AA95: =Y95-B95 -> 68
A96: Подъемник ножничный электрический Aurora AS1212(H)-Li | B96: =VLOOKUP(A96,'31.12.24'!A:F,6,FALSE) -> 43 | C96: =VLOOKUP(A96,'31.01.25'!A:F,6,FALSE) -> 43 | D96: =C96-B96 -> 0 | E96: =VLOOKUP(A96,'28.02.25'!A:F,6,FALSE) -> 58 | F96: =E96-C96 -> 15 | G96: =VLOOKUP(A96,'31.03.25'!A:F,6,FALSE) -> 58 | H96: =G96-E96 -> 0 | I96: =VLOOKUP(A96,'30.04.25'!A:F,6,FALSE) -> 68 | J96: =I96-G96 -> 10 | K96: =VLOOKUP(A96,'31.05.25'!A:F,6,FALSE) -> 80 | L96: =K96-I96 -> 12 | M96: =VLOOKUP(A96,'30.06.25'!A:F,6,FALSE) -> 91 | N96: =M96-K96 -> 11 | O96: =VLOOKUP(A96,'31.07.25'!A:F,6,FALSE) -> 100 | P96: =O96-M96 -> 9 | Q96: =VLOOKUP(A96,'31.08.25'!A:F,6,FALSE) -> 109 | R96: =Q96-O96 -> 9 | S96: =VLOOKUP(A96,'30.09.25'!A:F,6,FALSE) -> 117 | T96: =S96-Q96 -> 8 | U96: =VLOOKUP(A96,'31.10.25'!A:F,6,FALSE) -> 132 | V96: =U96-S96 -> 15 | W96: =VLOOKUP(A96,'30.11.25'!A:F,6,FALSE) -> 132 | X96: =W96-U96 -> 0 | Y96: =VLOOKUP(A96,'31.12.25'!A:B,2,FALSE) -> 132 | Z96: =Y96-W96 -> 0 | AA96: =Y96-B96 -> 89
A97: Подъемник ножничный электрический Aurora AS1412 (RS) | B97: =VLOOKUP(A97,'31.12.24'!A:F,6,FALSE) -> 119 | C97: =VLOOKUP(A97,'31.01.25'!A:F,6,FALSE) -> 119 | D97: =C97-B97 -> 0 | E97: =VLOOKUP(A97,'28.02.25'!A:F,6,FALSE) -> 119 | F97: =E97-C97 -> 0 | G97: =VLOOKUP(A97,'31.03.25'!A:F,6,FALSE) -> 119 | H97: =G97-E97 -> 0 | I97: =VLOOKUP(A97,'30.04.25'!A:F,6,FALSE) -> 119 | J97: =I97-G97 -> 0 | K97: =VLOOKUP(A97,'31.05.25'!A:F,6,FALSE) -> 119 | L97: =K97-I97 -> 0 | M97: =VLOOKUP(A97,'30.06.25'!A:F,6,FALSE) -> 119 | N97: =M97-K97 -> 0 | O97: =VLOOKUP(A97,'31.07.25'!A:F,6,FALSE) -> 119 | P97: =O97-M97 -> 0 | Q97: =VLOOKUP(A97,'31.08.25'!A:F,6,FALSE) -> 119 | R97: =Q97-O97 -> 0 | S97: =VLOOKUP(A97,'30.09.25'!A:F,6,FALSE) -> 119 | T97: =S97-Q97 -> 0 | U97: =VLOOKUP(A97,'31.10.25'!A:F,6,FALSE) -> 119 | V97: =U97-S97 -> 0 | W97: =VLOOKUP(A97,'30.11.25'!A:F,6,FALSE) -> 119 | X97: =W97-U97 -> 0 | Y97: =VLOOKUP(A97,'31.12.25'!A:B,2,FALSE) -> 119 | Z97: =Y97-W97 -> 0 | AA97: =Y97-B97 -> 0
A98: Подъемник ножничный электрический Aurora AS1413(H) | D98: =C98-B98 -> 0 | E98: =VLOOKUP(A98,'28.02.25'!A:F,6,FALSE) -> 5 | F98: =E98-C98 -> 5 | G98: =VLOOKUP(A98,'31.03.25'!A:F,6,FALSE) -> 5 | H98: =G98-E98 -> 0 | I98: =VLOOKUP(A98,'30.04.25'!A:F,6,FALSE) -> 5 | J98: =I98-G98 -> 0 | K98: =VLOOKUP(A98,'31.05.25'!A:F,6,FALSE) -> 16 | L98: =K98-I98 -> 11 | M98: =VLOOKUP(A98,'30.06.25'!A:F,6,FALSE) -> 25 | N98: =M98-K98 -> 9 | O98: =VLOOKUP(A98,'31.07.25'!A:F,6,FALSE) -> 42 | P98: =O98-M98 -> 17 | Q98: =VLOOKUP(A98,'31.08.25'!A:F,6,FALSE) -> 45 | R98: =Q98-O98 -> 3 | S98: =VLOOKUP(A98,'30.09.25'!A:F,6,FALSE) -> 54 | T98: =S98-Q98 -> 9 | U98: =VLOOKUP(A98,'31.10.25'!A:F,6,FALSE) -> 68 | V98: =U98-S98 -> 14 | W98: =VLOOKUP(A98,'30.11.25'!A:F,6,FALSE) -> 68 | X98: =W98-U98 -> 0 | Y98: =VLOOKUP(A98,'31.12.25'!A:B,2,FALSE) -> 68 | Z98: =Y98-W98 -> 0 | AA98: =Y98-B98 -> 68
A99: Подъемник ножничный электрический Aurora AS1413(H)-Li | D99: =C99-B99 -> 0 | E99: =VLOOKUP(A99,'28.02.25'!A:F,6,FALSE) -> 5 | F99: =E99-C99 -> 5 | G99: =VLOOKUP(A99,'31.03.25'!A:F,6,FALSE) -> 5 | H99: =G99-E99 -> 0 | I99: =VLOOKUP(A99,'30.04.25'!A:F,6,FALSE) -> 15 | J99: =I99-G99 -> 10 | K99: =VLOOKUP(A99,'31.05.25'!A:F,6,FALSE) -> 20 | L99: =K99-I99 -> 5 | M99: =VLOOKUP(A99,'30.06.25'!A:F,6,FALSE) -> 23 | N99: =M99-K99 -> 3 | O99: =VLOOKUP(A99,'31.07.25'!A:F,6,FALSE) -> 33 | P99: =O99-M99 -> 10 | Q99: =VLOOKUP(A99,'31.08.25'!A:F,6,FALSE) -> 34 | R99: =Q99-O99 -> 1 | S99: =VLOOKUP(A99,'30.09.25'!A:F,6,FALSE) -> 53 | T99: =S99-Q99 -> 19 | U99: =VLOOKUP(A99,'31.10.25'!A:F,6,FALSE) -> 106 | V99: =U99-S99 -> 53 | W99: =VLOOKUP(A99,'30.11.25'!A:F,6,FALSE) -> 106 | X99: =W99-U99 -> 0 | Y99: =VLOOKUP(A99,'31.12.25'!A:B,2,FALSE) -> 106 | Z99: =Y99-W99 -> 0 | AA99: =Y99-B99 -> 106
A100: Подъемник ножничный электрический Aurora AS1414(H) | D100: =C100-B100 -> 0 | E100: =VLOOKUP(A100,'28.02.25'!A:F,6,FALSE) -> 5 | F100: =E100-C100 -> 5 | G100: =VLOOKUP(A100,'31.03.25'!A:F,6,FALSE) -> 5 | H100: =G100-E100 -> 0 | I100: =VLOOKUP(A100,'30.04.25'!A:F,6,FALSE) -> 15 | J100: =I100-G100 -> 10 | K100: =VLOOKUP(A100,'31.05.25'!A:F,6,FALSE) -> 20 | L100: =K100-I100 -> 5 | M100: =VLOOKUP(A100,'30.06.25'!A:F,6,FALSE) -> 20 | N100: =M100-K100 -> 0 | O100: =VLOOKUP(A100,'31.07.25'!A:F,6,FALSE) -> 26 | P100: =O100-M100 -> 6 | Q100: =VLOOKUP(A100,'31.08.25'!A:F,6,FALSE) -> 45 | R100: =Q100-O100 -> 19 | S100: =VLOOKUP(A100,'30.09.25'!A:F,6,FALSE) -> 45 | T100: =S100-Q100 -> 0 | U100: =VLOOKUP(A100,'31.10.25'!A:F,6,FALSE) -> 49 | V100: =U100-S100 -> 4 | W100: =VLOOKUP(A100,'30.11.25'!A:F,6,FALSE) -> 49 | X100: =W100-U100 -> 0 | Y100: =VLOOKUP(A100,'31.12.25'!A:B,2,FALSE) -> 49 | Z100: =Y100-W100 -> 0 | AA100: =Y100-B100 -> 49
A101: Подъемник ножничный электрический Aurora AS1414(H)-Li | D101: =C101-B101 -> 0 | E101: =VLOOKUP(A101,'28.02.25'!A:F,6,FALSE) -> 5 | F101: =E101-C101 -> 5 | G101: =VLOOKUP(A101,'31.03.25'!A:F,6,FALSE) -> 5 | H101: =G101-E101 -> 0 | I101: =VLOOKUP(A101,'30.04.25'!A:F,6,FALSE) -> 10 | J101: =I101-G101 -> 5 | K101: =VLOOKUP(A101,'31.05.25'!A:F,6,FALSE) -> 15 | L101: =K101-I101 -> 5 | M101: =VLOOKUP(A101,'30.06.25'!A:F,6,FALSE) -> 14 | N101: =M101-K101 -> -1 | O101: =VLOOKUP(A101,'31.07.25'!A:F,6,FALSE) -> 23 | P101: =O101-M101 -> 9 | Q101: =VLOOKUP(A101,'31.08.25'!A:F,6,FALSE) -> 24 | R101: =Q101-O101 -> 1 | S101: =VLOOKUP(A101,'30.09.25'!A:F,6,FALSE) -> 43 | T101: =S101-Q101 -> 19 | U101: =VLOOKUP(A101,'31.10.25'!A:F,6,FALSE) -> 42 | V101: =U101-S101 -> -1 | W101: =VLOOKUP(A101,'30.11.25'!A:F,6,FALSE) -> 43 | X101: =W101-U101 -> 1 | Y101: =VLOOKUP(A101,'31.12.25'!A:B,2,FALSE) -> 43 | Z101: =Y101-W101 -> 0 | AA101: =Y101-B101 -> 43
A102: Подъемник ножничный электрический Aurora ASC0808 (RS) гусеничный | B102: =VLOOKUP(A102,'31.12.24'!A:F,6,FALSE) -> 46 | C102: =VLOOKUP(A102,'31.01.25'!A:F,6,FALSE) -> 46 | D102: =C102-B102 -> 0 | E102: =VLOOKUP(A102,'28.02.25'!A:F,6,FALSE) -> 41 | F102: =E102-C102 -> -5 | G102: =VLOOKUP(A102,'31.03.25'!A:F,6,FALSE) -> 44 | H102: =G102-E102 -> 3 | I102: =VLOOKUP(A102,'30.04.25'!A:F,6,FALSE) -> 45 | J102: =I102-G102 -> 1 | K102: =VLOOKUP(A102,'31.05.25'!A:F,6,FALSE) -> 43 | L102: =K102-I102 -> -2 | M102: =VLOOKUP(A102,'30.06.25'!A:F,6,FALSE) -> 43 | N102: =M102-K102 -> 0 | O102: =VLOOKUP(A102,'31.07.25'!A:F,6,FALSE) -> 45 | P102: =O102-M102 -> 2 | Q102: =VLOOKUP(A102,'31.08.25'!A:F,6,FALSE) -> 46 | R102: =Q102-O102 -> 1 | S102: =VLOOKUP(A102,'30.09.25'!A:F,6,FALSE) -> 46 | T102: =S102-Q102 -> 0 | U102: =VLOOKUP(A102,'31.10.25'!A:F,6,FALSE) -> 46 | V102: =U102-S102 -> 0 | W102: =VLOOKUP(A102,'30.11.25'!A:F,6,FALSE) -> 46 | X102: =W102-U102 -> 0 | Y102: =VLOOKUP(A102,'31.12.25'!A:B,2,FALSE) -> 46 | Z102: =Y102-W102 -> 0 | AA102: =Y102-B102 -> 0
A103: Подъемник ножничный электрический Aurora ASC1214S(CF) гусеничный | D103: =C103-B103 -> 0 | F103: =E103-C103 -> 0 | H103: =G103-E103 -> 0 | J103: =I103-G103 -> 0 | L103: =K103-I103 -> 0 | N103: =M103-K103 -> 0 | P103: =O103-M103 -> 0 | Q103: =VLOOKUP(A103,'31.08.25'!A:F,6,FALSE) -> 2 | R103: =Q103-O103 -> 2 | S103: =VLOOKUP(A103,'30.09.25'!A:F,6,FALSE) -> 2 | T103: =S103-Q103 -> 0 | U103: =VLOOKUP(A103,'31.10.25'!A:F,6,FALSE) -> 2 | V103: =U103-S103 -> 0 | W103: =VLOOKUP(A103,'30.11.25'!A:F,6,FALSE) -> 2 | X103: =W103-U103 -> 0 | Y103: =VLOOKUP(A103,'31.12.25'!A:B,2,FALSE) -> 2 | Z103: =Y103-W103 -> 0 | AA103: =Y103-B103 -> 2
...

Sheet 31.12.24
A1: Номенклатура | B1: Итого
B2: В аренде, шт | C2: На складе, шт | D2: Рем зона | E2: Брак | F2: Всего, шт | G2: Утилизация без брака, % | H2: Утилизация, %
A3: Подъемник коленчатый электрический Genie Z-33/18 | B3: 7 | C3: 9 | F3: 16 | G3: 43.75 | H3: 43.75
A4: Подъемник коленчатый дизельный Genie Z-45/25 | B4: 1 | F4: 1 | G4: 100 | H4: 100
A5: Подъемник коленчатый электрический Genie Z-45/25J DC | B5: 8 | C5: 4 | E5: 1 | F5: 13 | G5: 66.67 | H5: 61.54
A6: Подъемник коленчатый дизельный Genie Z-51/30J | B6: 4 | C6: 2 | F6: 6 | G6: 66.67 | H6: 66.67
A7: Подъемник коленчатый дизельный Genie Z-62/40 | B7: 2 | F7: 2 | G7: 100 | H7: 100
A8: Подъемник коленчатый электрический HAULOTTE HA12 IP | B8: 0 | C8: 1 | F8: 1 | H8: 0
A9: Подъемник коленчатый электрический HAULOTTE HA15 IP | B9: 4 | C9: 2 | E9: 1 | F9: 7 | G9: 66.67 | H9: 57.14
A10: Подъемник коленчатый дизельный HAULOTTE HA16RTJ | B10: 1 | C10: 1 | F10: 2 | G10: 50 | H10: 50
A11: Подъемник коленчатый дизельный HAULOTTE HA20RTJ | B11: 6 | C11: 1 | F11: 7 | G11: 85.71 | H11: 85.71
A12: Подъемник коленчатый дизельный HAULOTTE HA26RTJ PRO | B12: 3 | C12: 2 | E12: 1 | F12: 6 | G12: 60 | H12: 50
A13: Подъемник коленчатый дизельный JLG 520AJ | B13: 6 | C13: 3 | F13: 9 | G13: 66.67 | H13: 66.67
A14: Подъемник коленчатый дизельный JLG 600AJ | B14: 2 | C14: 1 | F14: 3 | G14: 66.67 | H14: 66.67
A15: Подъемник коленчатый электрический JLG E450AJ | B15: 0 | C15: 1 | E15: 1 | F15: 2 | H15: 0
A16: Подъемник коленчатый дизельный MANITOU 200 ATJ-X | B16: 3 | F16: 3 | G16: 100 | H16: 100
A17: Подъемник коленчатый дизельный MANITOU 180 ATJ | B17: 0 | C17: 1 | F17: 1 | H17: 0
A18: Подъемник мачтовый электрический Aurora AMWP3.6-6100 (Rees) | B18: 3 | C18: 2 | F18: 5 | G18: 60 | H18: 60
A19: Подъемник мачтовый электрический Aurora AMWP4.8-6100 (Rees) | B19: 4 | E19: 2 | F19: 6 | G19: 100 | H19: 66.67
A20: Подъемник мачтовый электрический Aurora AMWP7.5-1100 (Rees) | B20: 0 | E20: 1 | F20: 1 | H20: 0
A21: Подъемник мачтовый электрический Aurora AMWP7.5-2100 (Rees) | B21: 0 | C21: 2 | F21: 2 | H21: 0
A22: Подъемник мачтовый электрический Aurora AMWP9-2100 (Rees) | B22: 0 | C22: 1 | F22: 1 | H22: 0
A23: Подъемник ножничный электрический Aurora AS0808 (RS) | B23: 70 | C23: 31 | E23: 1 | F23: 102 | G23: 69.31 | H23: 68.63
A24: Подъемник ножничный электрический Aurora AS1012 (RS) | B24: 15 | C24: 8 | F24: 23 | G24: 65.22 | H24: 65.22
A25: Подъемник ножничный электрический Aurora JCPT0307 (Rees) | B25: 0 | C25: 4 | E25: 1 | F25: 5 | H25: 0
A26: Подъемник ножничный электрический Aurora JCPT0407 (Rees) | B26: 0 | C26: 3 | E26: 1 | F26: 4 | H26: 0
A27: Подъемник ножничный электрический Genie GS 2032 | B27: 2 | F27: 2 | G27: 100 | H27: 100
A28: Подъемник ножничный электрический Genie GS 2632 | B28: 0 | C28: 1 | F28: 1 | H28: 0
A29: Подъемник ножничный электрический Genie GS 3246 | B29: 2 | C29: 1 | F29: 3 | G29: 66.67 | H29: 66.67
A30: Подъемник ножничный электрический Genie GS 4047 | B30: 0 | C30: 2 | F30: 2 | H30: 0
A31: Подъемник ножничный электрический Haulotte COMPACT 10N | B31: 1 | C31: 1 | F31: 2 | G31: 50 | H31: 50
A32: Подъемник ножничный электрический HAULOTTE COMPACT 14 | B32: 2 | F32: 2 | G32: 100 | H32: 100
A33: Подъемник ножничный электрический JLG 2630ES | B33: 4 | C33: 5 | F33: 9 | G33: 44.44 | H33: 44.44
A34: Подъемник ножничный электрический JLG R2632 | B34: 0 | C34: 1 | F34: 1 | H34: 0
A35: Подъемник ножничный электрический JLG R4045 | B35: 1 | F35: 1 | G35: 100 | H35: 100
A36: Подъемник ножничный электрический Zoomlion ZS1414DC | B36: 3 | C36: 2 | F36: 5 | G36: 60 | H36: 60
A37: Подъемник коленчатый дизельный Dingli BA16CRT2 | B37: 13 | C37: 4 | F37: 17 | G37: 76.47 | H37: 76.47
A38: Подъемник коленчатый дизельный Dingli BA16СRT | B38: 10 | C38: 2 | E38: 1 | F38: 13 | G38: 83.33 | H38: 76.92
A39: Подъемник коленчатый дизельный Dingli BA18CRT | B39: 9 | C39: 4 | F39: 13 | G39: 69.23 | H39: 69.23
A40: Подъемник коленчатый дизельный Dingli BA18CRT2 | B40: 38 | C40: 30 | F40: 68 | G40: 55.88 | H40: 55.88
A41: Подъемник коленчатый дизельный Dingli BA22CRT | B41: 14 | C41: 1 | F41: 15 | G41: 93.33 | H41: 93.33
A42: Подъемник коленчатый дизельный Dingli BA22CRT2 | B42: 19 | C42: 5 | F42: 24 | G42: 79.17 | H42: 79.17
A43: Подъемник коленчатый дизельный Dingli BA28BRT | B43: 5 | C43: 1 | F43: 6 | G43: 83.33 | H43: 83.33
A44: Подъемник коленчатый дизельный Dingli BA28RT | B44: 53 | C44: 9 | F44: 62 | G44: 85.48 | H44: 85.48
A45: Подъемник коленчатый дизельный Dingli BA41RT | B45: 5 | C45: 4 | F45: 9 | G45: 55.56 | H45: 55.56
A46: Подъемник коленчатый дизельный Dingli BA44RT | B46: 2 | F46: 2 | G46: 100 | H46: 100
A47: Подъемник коленчатый дизельный LGMG AR14J | B47: 10 | C47: 2 | E47: 1 | F47: 13 | G47: 83.33 | H47: 76.92
A48: Подъемник коленчатый дизельный LGMG AR16J | B48: 14 | C48: 7 | E48: 1 | F48: 22 | G48: 66.67 | H48: 63.64
A49: Подъемник коленчатый дизельный Sinoboom AB15J | B49: 17 | C49: 18 | F49: 35 | G49: 48.57 | H49: 48.57
A50: Подъемник коленчатый дизельный Sinoboom AB18J | B50: 21 | C50: 31 | F50: 52 | G50: 40.38 | H50: 40.38
A51: Подъемник коленчатый дизельный Sinoboom AB26J Plus | B51: 8 | C51: 8 | F51: 16 | G51: 50 | H51: 50
A52: Подъемник коленчатый дизельный Zoomlion ZA14J | B52: 105 | C52: 22 | F52: 127 | G52: 82.68 | H52: 82.68
A53: Подъемник коленчатый дизельный Zoomlion ZA20J | B53: 109 | C53: 22 | E53: 2 | F53: 133 | G53: 83.21 | H53: 81.95
A54: Подъемник коленчатый дизельный Zoomlion ZA24J | B54: 80 | C54: 43 | E54: 1 | F54: 124 | G54: 65.04 | H54: 64.52
A55: Подъемник коленчатый дизельный Zoomlion ZA32J | B55: 54 | C55: 9 | F55: 63 | G55: 85.71 | H55: 85.71
A56: Подъемник коленчатый электрический Aurora ART3.8JE(F) | B56: 8 | C56: 8 | E56: 1 | F56: 17 | G56: 50 | H56: 47.06
A57: Подъемник коленчатый электрический Dingli BA18NE | B57: 16 | C57: 6 | E57: 1 | F57: 23 | G57: 72.73 | H57: 69.57
A58: Подъемник коленчатый электрический Dingli BA22CERT2 | B58: 6 | C58: 7 | F58: 13 | G58: 46.15 | H58: 46.15
A59: Подъемник коленчатый электрический Dingli BA22ERT | B59: 4 | C59: 3 | F59: 7 | G59: 57.14 | H59: 57.14
A60: Подъемник коленчатый электрический LGMG A14JE | B60: 10 | C60: 4 | E60: 1 | F60: 15 | G60: 71.43 | H60: 66.67
A61: Подъемник коленчатый электрический Sinoboom AB14EJ | B61: 6 | C61: 4 | F61: 10 | G61: 60 | H61: 60
A62: Подъемник коленчатый электрический Sinoboom AB16EJ | B62: 4 | C62: 29 | F62: 33 | G62: 12.12 | H62: 12.12
A63: Подъемник коленчатый электрический Zoomlion ZA14JE | B63: 21 | C63: 15 | E63: 1 | F63: 37 | G63: 58.33 | H63: 56.76
A64: Подъемник коленчатый электрический Zoomlion ZA14NJE | B64: 23 | C64: 4 | F64: 27 | G64: 85.19 | H64: 85.19
A65: Подъемник коленчатый электрический Zoomlion ZA20JE | B65: 6 | C65: 1 | F65: 7 | G65: 85.71 | H65: 85.71
A66: Подъемник коленчатый электрический Zoomlion ZA20JERT | B66: 12 | C66: 5 | F66: 17 | G66: 70.59 | H66: 70.59
A67: Подъемник мачтовый электрический Dingli AMWP11.5-8100 | B67: 5 | C67: 2 | E67: 1 | F67: 8 | G67: 71.43 | H67: 62.5
A68: Подъемник мачтовый электрический Dingli AMWP11.5-8100AC | B68: 6 | C68: 10 | F68: 16 | G68: 37.5 | H68: 37.5
A69: Подъемник ножничный электрический MAGNI ES1412E | B69: 2 | E69: 1 | F69: 3 | G69: 100 | H69: 66.67
A70: Подъемник ножничный электрический MAGNI ES1612E | B70: 0 | C70: 1 | F70: 1 | H70: 0
A71: Подъёмник ножничный электрический Manitou Maniaccess 100 SEC | B71: 0 | E71: 1 | F71: 1 | H71: 0
A72: Подъемник ножничный дизельный Dingli JCPT1218RT | B72: 1 | C72: 1 | F72: 2 | G72: 50 | H72: 50
A73: Подъемник ножничный дизельный Dingli JCPT1418RT | B73: 78 | C73: 34 | D73: 1 | E73: 2 | F73: 115 | G73: 69.03 | H73: 67.83
A74: Подъемник ножничный дизельный Dingli JCPT1823RTB | B74: 8 | C74: 2 | E74: 1 | F74: 11 | G74: 80 | H74: 72.73
A75: Подъемник ножничный дизельный Dingli JCPT1823RTL | B75: 23 | C75: 10 | F75: 33 | G75: 69.7 | H75: 69.7
A76: Подъемник ножничный дизельный LGMG AS1623RT | B76: 0 | C76: 1 | F76: 1 | H76: 0
A77: Подъемник ножничный дизельный LGMG SR1218D | B77: 9 | C77: 6 | E77: 1 | F77: 16 | G77: 60 | H77: 56.25
A78: Подъемник ножничный дизельный LGMG SR1323D | B78: 6 | C78: 2 | E78: 1 | F78: 9 | G78: 75 | H78: 66.67
A79: Подъемник ножничный дизельный LGMG SR1623D | B79: 17 | C79: 20 | E79: 1 | F79: 38 | G79: 45.95 | H79: 44.74
A80: Подъемник ножничный дизельный Sinoboom 1623RD | B80: 5 | C80: 5 | F80: 10 | G80: 50 | H80: 50
A81: Подъемник ножничный дизельный Zoomlion ZS1623RT | B81: 70 | C81: 27 | E81: 2 | F81: 99 | G81: 72.16 | H81: 70.71
A82: Подъемник ножничный электрический Aurora AS0607(H)-Li | B82: 25 | C82: 29 | F82: 54 | G82: 46.3 | H82: 46.3
A83: Подъемник ножничный электрический Aurora AS0607W(H) | B83: 6 | C83: 2 | F83: 8 | G83: 75 | H83: 75
A84: Подъемник ножничный электрический Aurora AS0607W(H)-Li | B84: 28 | C84: 19 | F84: 47 | G84: 59.57 | H84: 59.57
A85: Подъемник ножничный электрический Aurora AS0608(CF) | B85: 3 | C85: 3 | F85: 6 | G85: 50 | H85: 50
A86: Подъемник ножничный электрический Aurora AS0812(H) | B86: 30 | C86: 23 | F86: 53 | G86: 56.6 | H86: 56.6
A87: Подъемник ножничный электрический Aurora AS0812(H)-Li | B87: 7 | C87: 10 | F87: 17 | G87: 41.18 | H87: 41.18
A88: Подъемник ножничный электрический Aurora AS1012(H)-Li | B88: 43 | C88: 18 | E88: 1 | F88: 62 | G88: 70.49 | H88: 69.35
A89: Подъемник ножничный электрический Aurora AS1212 (RS) | B89: 23 | C89: 4 | F89: 27 | G89: 85.19 | H89: 85.19
A90: Подъемник ножничный электрический Aurora AS1212(H)-Li | B90: 32 | C90: 11 | F90: 43 | G90: 74.42 | H90: 74.42
A91: Подъемник ножничный электрический Aurora AS1412 (RS) | B91: 89 | C91: 29 | E91: 1 | F91: 119 | G91: 75.42 | H91: 74.79
A92: Подъемник ножничный электрический Aurora ASC0808 (RS) гусеничный | B92: 8 | C92: 35 | E92: 3 | F92: 46 | G92: 18.6 | H92: 17.39
A93: Подъемник ножничный электрический Dingli JCPT1008HA | B93: 25 | C93: 18 | F93: 43 | G93: 58.14 | H93: 58.14
A94: Подъемник ножничный электрический Dingli JCPT1212HA | B94: 25 | C94: 7 | F94: 32 | G94: 78.13 | H94: 78.13
A95: Подъемник ножничный электрический Dingli JCPT1412HA | B95: 13 | C95: 2 | F95: 15 | G95: 86.67 | H95: 86.67
A96: Подъемник ножничный электрический Dingli JCPT1612HA | B96: 25 | C96: 3 | F96: 28 | G96: 89.29 | H96: 89.29
A97: Подъемник ножничный электрический LGMG AS0607 | B97: 32 | C97: 14 | E97: 1 | F97: 47 | G97: 69.57 | H97: 68.09
A98: Подъемник ножничный электрический LGMG AS0607W | B98: 17 | C98: 12 | F98: 29 | G98: 58.62 | H98: 58.62
A99: Подъемник ножничный электрический LGMG AS0607WE | B99: 2 | C99: 3 | E99: 2 | F99: 7 | G99: 40 | H99: 28.57
A100: Подъемник ножничный электрический LGMG AS0608 | B100: 1 | F100: 1 | G100: 100 | H100: 100
...

Sheet 31.01.25
A1: Номенклатура | B1: Итого
B2: В аренде, шт | C2: На складе, шт | D2: Рем зона | E2: Брак | F2: Всего, шт | G2: Утилизация без брака, % | H2: Утилизация, %
A3: Подъемник коленчатый электрический Genie Z-33/18 | B3: 8 | C3: 8 | F3: 16 | G3: 50 | H3: 50
A4: Подъемник коленчатый дизельный Genie Z-45/25 | B4: 1 | F4: 1 | G4: 100 | H4: 100
A5: Подъемник коленчатый электрический Genie Z-45/25J DC | B5: 9 | C5: 3 | E5: 1 | F5: 13 | G5: 75 | H5: 69.23
A6: Подъемник коленчатый дизельный Genie Z-51/30J | B6: 2 | C6: 4 | F6: 6 | G6: 33.33 | H6: 33.33
A7: Подъемник коленчатый дизельный Genie Z-62/40 | B7: 1 | C7: 1 | F7: 2 | G7: 50 | H7: 50
A8: Подъемник коленчатый электрический HAULOTTE HA12 IP | B8: 0 | C8: 1 | F8: 1 | H8: 0
A9: Подъемник коленчатый электрический HAULOTTE HA15 IP | B9: 3 | C9: 3 | E9: 1 | F9: 7 | G9: 50 | H9: 42.86
A10: Подъемник коленчатый дизельный HAULOTTE HA16RTJ | B10: 2 | F10: 2 | G10: 100 | H10: 100
A11: Подъемник коленчатый дизельный HAULOTTE HA20RTJ | B11: 5 | C11: 2 | F11: 7 | G11: 71.43 | H11: 71.43
A12: Подъемник коленчатый дизельный HAULOTTE HA26RTJ PRO | B12: 3 | C12: 3 | F12: 6 | G12: 50 | H12: 50
A13: Подъемник коленчатый дизельный JLG 520AJ | B13: 7 | C13: 2 | F13: 9 | G13: 77.78 | H13: 77.78
A14: Подъемник коленчатый дизельный JLG 600AJ | B14: 1 | C14: 2 | F14: 3 | G14: 33.33 | H14: 33.33
A15: Подъемник коленчатый электрический JLG E450AJ | B15: 0 | C15: 1 | E15: 1 | F15: 2 | H15: 0
A16: Подъемник коленчатый дизельный MANITOU 200 ATJ-X | B16: 3 | F16: 3 | G16: 100 | H16: 100
A17: Подъемник коленчатый дизельный MANITOU 180 ATJ | B17: 1 | F17: 1 | G17: 100 | H17: 100
A18: Подъемник мачтовый электрический Aurora AMWP3.6-6100 (Rees) | B18: 3 | C18: 2 | F18: 5 | G18: 60 | H18: 60
A19: Подъемник мачтовый электрический Aurora AMWP4.8-6100 (Rees) | B19: 3 | C19: 1 | E19: 2 | F19: 6 | G19: 75 | H19: 50
A20: Подъемник мачтовый электрический Aurora AMWP7.5-1100 (Rees) | B20: 0 | E20: 1 | F20: 1 | H20: 0
A21: Подъемник мачтовый электрический Aurora AMWP7.5-2100 (Rees) | B21: 0 | C21: 2 | F21: 2 | H21: 0
A22: Подъемник мачтовый электрический Aurora AMWP9-2100 (Rees) | B22: 1 | F22: 1 | G22: 100 | H22: 100
A23: Подъемник ножничный электрический Aurora AS0808 (RS) | B23: 70 | C23: 31 | E23: 1 | F23: 102 | G23: 69.31 | H23: 68.63
A24: Подъемник ножничный электрический Aurora AS1012 (RS) | B24: 17 | C24: 6 | F24: 23 | G24: 73.91 | H24: 73.91
A25: Подъемник ножничный электрический Aurora JCPT0307 (Rees) | B25: 1 | C25: 3 | E25: 1 | F25: 5 | G25: 25 | H25: 20
A26: Подъемник ножничный электрический Aurora JCPT0407 (Rees) | B26: 0 | C26: 3 | E26: 1 | F26: 4 | H26: 0
A27: Подъемник ножничный электрический Genie GS 2032 | B27: 2 | F27: 2 | G27: 100 | H27: 100
A28: Подъемник ножничный электрический Genie GS 2632 | B28: 0 | C28: 1 | F28: 1 | H28: 0
A29: Подъемник ножничный электрический Genie GS 3246 | B29: 2 | C29: 1 | F29: 3 | G29: 66.67 | H29: 66.67
A30: Подъемник ножничный электрический Genie GS 4047 | B30: 0 | C30: 2 | F30: 2 | H30: 0
A31: Подъемник ножничный электрический Haulotte COMPACT 10N | B31: 1 | C31: 1 | F31: 2 | G31: 50 | H31: 50
A32: Подъемник ножничный электрический HAULOTTE COMPACT 14 | B32: 1 | C32: 1 | F32: 2 | G32: 50 | H32: 50
A33: Подъемник ножничный электрический JLG 2630ES | B33: 5 | C33: 4 | F33: 9 | G33: 55.56 | H33: 55.56
A34: Подъемник ножничный электрический JLG R2632 | B34: 0 | C34: 1 | F34: 1 | H34: 0
A35: Подъемник ножничный электрический JLG R4045 | B35: 0 | C35: 1 | F35: 1 | H35: 0
A36: Подъемник ножничный электрический Zoomlion ZS1414DC | B36: 2 | C36: 3 | F36: 5 | G36: 40 | H36: 40
A37: Подъемник коленчатый дизельный Dingli BA16CRT2 | B37: 13 | C37: 4 | F37: 17 | G37: 76.47 | H37: 76.47
A38: Подъемник коленчатый дизельный Dingli BA16СRT | B38: 10 | C38: 2 | E38: 1 | F38: 13 | G38: 83.33 | H38: 76.92
A39: Подъемник коленчатый дизельный Dingli BA18CRT | B39: 8 | C39: 5 | F39: 13 | G39: 61.54 | H39: 61.54
A40: Подъемник коленчатый дизельный Dingli BA18CRT2 | B40: 54 | C40: 16 | F40: 70 | G40: 77.14 | H40: 77.14
A41: Подъемник коленчатый дизельный Dingli BA22CRT | B41: 14 | C41: 1 | F41: 15 | G41: 93.33 | H41: 93.33
A42: Подъемник коленчатый дизельный Dingli BA22CRT2 | B42: 15 | C42: 9 | F42: 24 | G42: 62.5 | H42: 62.5
A43: Подъемник коленчатый дизельный Dingli BA22CRT2 4WS | B43: 0 | C43: 2 | F43: 2 | H43: 0
A44: Подъемник коленчатый дизельный Dingli BA28BRT | B44: 5 | C44: 1 | F44: 6 | G44: 83.33 | H44: 83.33
A45: Подъемник коленчатый дизельный Dingli BA28RT | B45: 54 | C45: 8 | F45: 62 | G45: 87.1 | H45: 87.1
A46: Подъемник коленчатый дизельный Dingli BA41RT | B46: 9 | F46: 9 | G46: 100 | H46: 100
A47: Подъемник коленчатый дизельный Dingli BA44RT | B47: 2 | F47: 2 | G47: 100 | H47: 100
A48: Подъемник коленчатый дизельный LGMG AR14J | B48: 10 | C48: 2 | E48: 1 | F48: 13 | G48: 83.33 | H48: 76.92
A49: Подъемник коленчатый дизельный LGMG AR16J | B49: 14 | C49: 7 | E49: 1 | F49: 22 | G49: 66.67 | H49: 63.64
A50: Подъемник коленчатый дизельный Sinoboom AB15J | B50: 28 | C50: 22 | F50: 50 | G50: 56 | H50: 56
A51: Подъемник коленчатый дизельный Sinoboom AB18J | B51: 26 | C51: 59 | F51: 85 | G51: 30.59 | H51: 30.59
A52: Подъемник коленчатый дизельный Sinoboom AB26J Plus | B52: 11 | C52: 4 | E52: 1 | F52: 16 | G52: 73.33 | H52: 68.75
A53: Подъемник коленчатый дизельный Zoomlion ZA14J | B53: 107 | C53: 20 | F53: 127 | G53: 84.25 | H53: 84.25
A54: Подъемник коленчатый дизельный Zoomlion ZA20J | B54: 115 | C54: 17 | E54: 1 | F54: 133 | G54: 87.12 | H54: 86.47
A55: Подъемник коленчатый дизельный Zoomlion ZA24J | B55: 81 | C55: 41 | E55: 2 | F55: 124 | G55: 66.39 | H55: 65.32
A56: Подъемник коленчатый дизельный Zoomlion ZA32J | B56: 57 | C56: 4 | E56: 3 | F56: 64 | G56: 93.44 | H56: 89.06
A57: Подъемник коленчатый электрический Aurora ART3.8JE(F) | B57: 9 | C57: 5 | E57: 3 | F57: 17 | G57: 64.29 | H57: 52.94
A58: Подъемник коленчатый электрический Dingli BA18NE | B58: 14 | C58: 9 | F58: 23 | G58: 60.87 | H58: 60.87
A59: Подъемник коленчатый электрический Dingli BA22CERT2 | B59: 8 | C59: 5 | F59: 13 | G59: 61.54 | H59: 61.54
A60: Подъемник коленчатый электрический Dingli BA22ERT | B60: 6 | C60: 1 | F60: 7 | G60: 85.71 | H60: 85.71
A61: Подъемник коленчатый электрический LGMG A14JE | B61: 6 | C61: 7 | E61: 2 | F61: 15 | G61: 46.15 | H61: 40
A62: Подъемник коленчатый электрический Sinoboom AB14EJ | B62: 6 | C62: 4 | F62: 10 | G62: 60 | H62: 60
A63: Подъемник коленчатый электрический Sinoboom AB16EJ | B63: 8 | C63: 25 | F63: 33 | G63: 24.24 | H63: 24.24
A64: Подъемник коленчатый электрический Zoomlion ZA14JE | B64: 23 | C64: 12 | E64: 2 | F64: 37 | G64: 65.71 | H64: 62.16
A65: Подъемник коленчатый электрический Zoomlion ZA14NJE | B65: 20 | C65: 7 | F65: 27 | G65: 74.07 | H65: 74.07
A66: Подъемник коленчатый электрический Zoomlion ZA20JE | B66: 3 | C66: 4 | F66: 7 | G66: 42.86 | H66: 42.86
A67: Подъемник коленчатый электрический Zoomlion ZA20JERT | B67: 9 | C67: 8 | F67: 17 | G67: 52.94 | H67: 52.94
A68: Подъемник мачтовый электрический Dingli AMWP11.5-8100 | B68: 5 | C68: 2 | E68: 1 | F68: 8 | G68: 71.43 | H68: 62.5
A69: Подъемник мачтовый электрический Dingli AMWP11.5-8100AC | B69: 11 | C69: 5 | F69: 16 | G69: 68.75 | H69: 68.75
A70: Подъемник ножничный электрический MAGNI ES1412E | B70: 0 | C70: 2 | E70: 1 | F70: 3 | H70: 0
A71: Подъемник ножничный электрический MAGNI ES1612E | B71: 0 | C71: 1 | F71: 1 | H71: 0
A72: Подъёмник ножничный электрический Manitou Maniaccess 100 SEC | B72: 0 | E72: 1 | F72: 1 | H72: 0
A73: Подъемник ножничный дизельный Dingli JCPT1218RT | B73: 1 | C73: 1 | F73: 2 | G73: 50 | H73: 50
A74: Подъемник ножничный дизельный Dingli JCPT1418RT | B74: 73 | C74: 45 | E74: 2 | F74: 120 | G74: 61.86 | H74: 60.83
A75: Подъемник ножничный дизельный Dingli JCPT1823RTB | B75: 8 | C75: 3 | F75: 11 | G75: 72.73 | H75: 72.73
A76: Подъемник ножничный дизельный Dingli JCPT1823RTL | B76: 27 | C76: 6 | F76: 33 | G76: 81.82 | H76: 81.82
A77: Подъемник ножничный дизельный LGMG AS1623RT | B77: 0 | C77: 1 | F77: 1 | H77: 0
A78: Подъемник ножничный дизельный LGMG SR1218D | B78: 11 | C78: 5 | F78: 16 | G78: 68.75 | H78: 68.75
A79: Подъемник ножничный дизельный LGMG SR1323D | B79: 9 | F79: 9 | G79: 100 | H79: 100
A80: Подъемник ножничный дизельный LGMG SR1623D | B80: 18 | C80: 19 | E80: 1 | F80: 38 | G80: 48.65 | H80: 47.37
A81: Подъемник ножничный дизельный Sinoboom 1623RD | B81: 8 | C81: 2 | F81: 10 | G81: 80 | H81: 80
A82: Подъемник ножничный дизельный Zoomlion ZS1623RT | B82: 74 | C82: 22 | E82: 3 | F82: 99 | G82: 77.08 | H82: 74.75
A83: Подъемник ножничный электрический Aurora AS0607(H)-Li | B83: 29 | C83: 25 | F83: 54 | G83: 53.7 | H83: 53.7
A84: Подъемник ножничный электрический Aurora AS0607W(H) | B84: 4 | C84: 4 | F84: 8 | G84: 50 | H84: 50
A85: Подъемник ножничный электрический Aurora AS0607W(H)-Li | B85: 28 | C85: 19 | F85: 47 | G85: 59.57 | H85: 59.57
A86: Подъемник ножничный электрический Aurora AS0608(CF) | B86: 4 | C86: 2 | F86: 6 | G86: 66.67 | H86: 66.67
A87: Подъемник ножничный электрический Aurora AS0812(H) | B87: 37 | C87: 16 | F87: 53 | G87: 69.81 | H87: 69.81
A88: Подъемник ножничный электрический Aurora AS0812(H)-Li | B88: 10 | C88: 7 | F88: 17 | G88: 58.82 | H88: 58.82
A89: Подъемник ножничный электрический Aurora AS1012(H)-Li | B89: 43 | C89: 18 | E89: 1 | F89: 62 | G89: 70.49 | H89: 69.35
A90: Подъемник ножничный электрический Aurora AS1212 (RS) | B90: 18 | C90: 9 | F90: 27 | G90: 66.67 | H90: 66.67
A91: Подъемник ножничный электрический Aurora AS1212(H)-Li | B91: 32 | C91: 11 | F91: 43 | G91: 74.42 | H91: 74.42
A92: Подъемник ножничный электрический Aurora AS1412 (RS) | B92: 92 | C92: 26 | E92: 1 | F92: 119 | G92: 77.97 | H92: 77.31
A93: Подъемник ножничный электрический Aurora ASC0808 (RS) гусеничный | B93: 5 | C93: 38 | E93: 3 | F93: 46 | G93: 11.63 | H93: 10.87
A94: Подъемник ножничный электрический Dingli JCPT1008HA | B94: 24 | C94: 19 | F94: 43 | G94: 55.81 | H94: 55.81
A95: Подъемник ножничный электрический Dingli JCPT1212HA | B95: 23 | C95: 9 | F95: 32 | G95: 71.88 | H95: 71.88
A96: Подъемник ножничный электрический Dingli JCPT1412HA | B96: 12 | C96: 3 | F96: 15 | G96: 80 | H96: 80
A97: Подъемник ножничный электрический Dingli JCPT1612HA | B97: 27 | C97: 1 | F97: 28 | G97: 96.43 | H97: 96.43
A98: Подъемник ножничный электрический LGMG AS0607 | B98: 33 | C98: 14 | F98: 47 | G98: 70.21 | H98: 70.21
A99: Подъемник ножничный электрический LGMG AS0607W | B99: 14 | C99: 15 | F99: 29 | G99: 48.28 | H99: 48.28
A100: Подъемник ножничный электрический LGMG AS0607WE | B100: 2 | C100: 3 | E100: 2 | F100: 7 | G100: 40 | H100: 28.57
...

Sheet 28.02.25
A1: Номенклатура | B1: Итого
B2: В аренде, шт | C2: На складе, шт | D2: Рем зона | E2: Брак | F2: Всего, шт | G2: Утилизация без брака, % | H2: Утилизация, %
A3: Подъемник коленчатый электрический Genie Z-33/18 | B3: 10 | C3: 6 | F3: 16 | G3: 62.5 | H3: 62.5
A4: Подъемник коленчатый дизельный Genie Z-45/25 | B4: 1 | F4: 1 | G4: 100 | H4: 100
A5: Подъемник коленчатый электрический Genie Z-45/25J DC | B5: 10 | C5: 2 | E5: 1 | F5: 13 | G5: 83.33 | H5: 76.92
A6: Подъемник коленчатый дизельный Genie Z-51/30J | B6: 3 | C6: 3 | F6: 6 | G6: 50 | H6: 50
A7: Подъемник коленчатый дизельный Genie Z-62/40 | B7: 1 | C7: 1 | F7: 2 | G7: 50 | H7: 50
A8: Подъемник коленчатый электрический HAULOTTE HA12 IP | B8: 0 | C8: 1 | F8: 1 | H8: 0
A9: Подъемник коленчатый электрический HAULOTTE HA15 IP | B9: 4 | C9: 2 | E9: 1 | F9: 7 | G9: 66.67 | H9: 57.14
A10: Подъемник коленчатый дизельный HAULOTTE HA16RTJ | B10: 2 | F10: 2 | G10: 100 | H10: 100
A11: Подъемник коленчатый дизельный HAULOTTE HA20RTJ | B11: 5 | C11: 2 | F11: 7 | G11: 71.43 | H11: 71.43
A12: Подъемник коленчатый дизельный HAULOTTE HA26RTJ PRO | B12: 4 | C12: 2 | F12: 6 | G12: 66.67 | H12: 66.67
A13: Подъемник коленчатый дизельный JLG 520AJ | B13: 7 | C13: 2 | F13: 9 | G13: 77.78 | H13: 77.78
A14: Подъемник коленчатый дизельный JLG 600AJ | B14: 1 | C14: 2 | F14: 3 | G14: 33.33 | H14: 33.33
A15: Подъемник коленчатый электрический JLG E450AJ | B15: 0 | C15: 1 | E15: 1 | F15: 2 | H15: 0
A16: Подъемник коленчатый дизельный MANITOU 200 ATJ-X | B16: 3 | F16: 3 | G16: 100 | H16: 100
A17: Подъемник коленчатый дизельный MANITOU 180 ATJ | B17: 0 | C17: 1 | F17: 1 | H17: 0
A18: Подъемник мачтовый электрический Aurora AMWP3.6-6100 (Rees) | B18: 4 | C18: 1 | F18: 5 | G18: 80 | H18: 80
A19: Подъемник мачтовый электрический Aurora AMWP4.8-6100 (Rees) | B19: 4 | C19: 1 | E19: 1 | F19: 6 | G19: 80 | H19: 66.67
A20: Подъемник мачтовый электрический Aurora AMWP7.5-1100 (Rees) | B20: 0 | E20: 1 | F20: 1 | H20: 0
A21: Подъемник мачтовый электрический Aurora AMWP7.5-2100 (Rees) | B21: 0 | C21: 2 | F21: 2 | H21: 0
A22: Подъемник мачтовый электрический Aurora AMWP9-2100 (Rees) | B22: 1 | F22: 1 | G22: 100 | H22: 100
A23: Подъемник ножничный электрический Aurora AS0808 (RS) | B23: 72 | C23: 29 | E23: 1 | F23: 102 | G23: 71.29 | H23: 70.59
A24: Подъемник ножничный электрический Aurora AS1012 (RS) | B24: 15 | C24: 8 | F24: 23 | G24: 65.22 | H24: 65.22
A25: Подъемник ножничный электрический Aurora JCPT0307 (Rees) | B25: 1 | C25: 3 | E25: 1 | F25: 5 | G25: 25 | H25: 20
A26: Подъемник ножничный электрический Aurora JCPT0407 (Rees) | B26: 0 | C26: 3 | E26: 1 | F26: 4 | H26: 0
A27: Подъемник ножничный электрический Genie GS 2032 | B27: 1 | C27: 1 | F27: 2 | G27: 50 | H27: 50
A28: Подъемник ножничный электрический Genie GS 2632 | B28: 0 | C28: 1 | F28: 1 | H28: 0
A29: Подъемник ножничный электрический Genie GS 3246 | B29: 1 | C29: 2 | F29: 3 | G29: 33.33 | H29: 33.33
A30: Подъемник ножничный электрический Genie GS 4047 | B30: 0 | C30: 2 | F30: 2 | H30: 0
A31: Подъемник ножничный электрический Haulotte COMPACT 10N | B31: 0 | C31: 2 | F31: 2 | H31: 0
A32: Подъемник ножничный электрический HAULOTTE COMPACT 14 | B32: 1 | C32: 1 | F32: 2 | G32: 50 | H32: 50
A33: Подъемник ножничный электрический JLG 2630ES | B33: 3 | C33: 6 | F33: 9 | G33: 33.33 | H33: 33.33
A34: Подъемник ножничный электрический JLG R2632 | B34: 0 | C34: 1 | F34: 1 | H34: 0
A35: Подъемник ножничный электрический JLG R4045 | B35: 0 | C35: 1 | F35: 1 | H35: 0
A36: Подъемник ножничный электрический Zoomlion ZS1414DC | B36: 3 | C36: 2 | F36: 5 | G36: 60 | H36: 60
A37: Подъемник коленчатый дизельный Dingli BA16CRT2 | B37: 12 | C37: 5 | F37: 17 | G37: 70.59 | H37: 70.59
A38: Подъемник коленчатый дизельный Dingli BA16СRT | B38: 7 | C38: 5 | E38: 1 | F38: 13 | G38: 58.33 | H38: 53.85
A39: Подъемник коленчатый дизельный Dingli BA18CRT | B39: 12 | D39: 1 | F39: 13 | G39: 92.31 | H39: 92.31
A40: Подъемник коленчатый дизельный Dingli BA18CRT2 | B40: 62 | C40: 22 | F40: 84 | G40: 73.81 | H40: 73.81
A41: Подъемник коленчатый дизельный Dingli BA22CRT | B41: 14 | E41: 1 | F41: 15 | G41: 100 | H41: 93.33
A42: Подъемник коленчатый дизельный Dingli BA22CRT2 | B42: 22 | C42: 2 | F42: 24 | G42: 91.67 | H42: 91.67
A43: Подъемник коленчатый дизельный Dingli BA22CRT2 4WS | B43: 3 | C43: 7 | F43: 10 | G43: 30 | H43: 30
A44: Подъемник коленчатый дизельный Dingli BA28BRT | B44: 5 | C44: 1 | F44: 6 | G44: 83.33 | H44: 83.33
A45: Подъемник коленчатый дизельный Dingli BA28RT | B45: 51 | C45: 10 | E45: 1 | F45: 62 | G45: 83.61 | H45: 82.26
A46: Подъемник коленчатый дизельный Dingli BA41RT | B46: 8 | C46: 1 | F46: 9 | G46: 88.89 | H46: 88.89
A47: Подъемник коленчатый дизельный Dingli BA44RT | B47: 3 | C47: 3 | F47: 6 | G47: 50 | H47: 50
A48: Подъемник коленчатый дизельный LGMG AR14J | B48: 9 | C48: 2 | E48: 2 | F48: 13 | G48: 81.82 | H48: 69.23
A49: Подъемник коленчатый дизельный LGMG AR16J | B49: 13 | C49: 8 | E49: 1 | F49: 22 | G49: 61.9 | H49: 59.09
A50: Подъемник коленчатый дизельный Sinoboom AB15J | B50: 44 | C50: 23 | E50: 3 | F50: 70 | G50: 65.67 | H50: 62.86
A51: Подъемник коленчатый дизельный Sinoboom AB18J | B51: 37 | C51: 52 | F51: 89 | G51: 41.57 | H51: 41.57
A52: Подъемник коленчатый дизельный Sinoboom AB26J Plus | B52: 12 | C52: 28 | F52: 40 | G52: 30 | H52: 30
A53: Подъемник коленчатый дизельный Zoomlion ZA14J | B53: 101 | C53: 30 | F53: 131 | G53: 77.1 | H53: 77.1
A54: Подъемник коленчатый дизельный Zoomlion ZA20J | B54: 134 | C54: 23 | E54: 2 | F54: 159 | G54: 85.35 | H54: 84.28
A55: Подъемник коленчатый дизельный Zoomlion ZA24J | B55: 73 | C55: 47 | E55: 8 | F55: 128 | G55: 60.83 | H55: 57.03
A56: Подъемник коленчатый дизельный Zoomlion ZA32J | B56: 66 | C56: 3 | E56: 3 | F56: 72 | G56: 95.65 | H56: 91.67
A57: Подъемник коленчатый электрический Aurora ART3.8JE(F) | B57: 10 | C57: 5 | E57: 2 | F57: 17 | G57: 66.67 | H57: 58.82
A58: Подъемник коленчатый электрический Dingli BA18NE | B58: 16 | C58: 7 | F58: 23 | G58: 69.57 | H58: 69.57
A59: Подъемник коленчатый электрический Dingli BA22CERT2 | B59: 7 | C59: 6 | F59: 13 | G59: 53.85 | H59: 53.85
A60: Подъемник коленчатый электрический Dingli BA22ERT | B60: 3 | C60: 4 | F60: 7 | G60: 42.86 | H60: 42.86
A61: Подъемник коленчатый электрический LGMG A14JE | B61: 10 | C61: 4 | E61: 1 | F61: 15 | G61: 71.43 | H61: 66.67
A62: Подъемник коленчатый электрический Sinoboom AB14EJ | B62: 7 | C62: 3 | F62: 10 | G62: 70 | H62: 70
A63: Подъемник коленчатый электрический Sinoboom AB16EJ | B63: 12 | C63: 36 | F63: 48 | G63: 25 | H63: 25
A64: Подъемник коленчатый электрический Zoomlion ZA14JE | B64: 21 | C64: 16 | F64: 37 | G64: 56.76 | H64: 56.76
A65: Подъемник коленчатый электрический Zoomlion ZA14NJE | B65: 16 | C65: 11 | F65: 27 | G65: 59.26 | H65: 59.26
A66: Подъемник коленчатый электрический Zoomlion ZA20JE | B66: 6 | C66: 1 | F66: 7 | G66: 85.71 | H66: 85.71
A67: Подъемник коленчатый электрический Zoomlion ZA20JERT | B67: 9 | C67: 8 | F67: 17 | G67: 52.94 | H67: 52.94
A68: Подъемник мачтовый электрический Dingli AMWP11.5-8100 | B68: 3 | C68: 4 | E68: 1 | F68: 8 | G68: 42.86 | H68: 37.5
A69: Подъемник мачтовый электрический Dingli AMWP11.5-8100AC | B69: 10 | C69: 6 | F69: 16 | G69: 62.5 | H69: 62.5
A70: Подъемник ножничный электрический MAGNI ES1412E | B70: 0 | C70: 2 | E70: 1 | F70: 3 | H70: 0
A71: Подъемник ножничный электрический MAGNI ES1612E | B71: 1 | F71: 1 | G71: 100 | H71: 100
A72: Подъёмник ножничный электрический Manitou Maniaccess 100 SEC | B72: 0 | E72: 1 | F72: 1 | H72: 0
A73: Подъемник ножничный дизельный Dingli JCPT1218RT | B73: 0 | C73: 2 | F73: 2 | H73: 0
A74: Подъемник ножничный дизельный Dingli JCPT1418RT | B74: 78 | C74: 40 | E74: 2 | F74: 120 | G74: 66.1 | H74: 65
A75: Подъемник ножничный дизельный Dingli JCPT1823RTB | B75: 10 | C75: 1 | F75: 11 | G75: 90.91 | H75: 90.91
A76: Подъемник ножничный дизельный Dingli JCPT1823RTL | B76: 28 | C76: 5 | F76: 33 | G76: 84.85 | H76: 84.85
A77: Подъемник ножничный дизельный LGMG AS1623RT | B77: 1 | F77: 1 | G77: 100 | H77: 100
A78: Подъемник ножничный дизельный LGMG SR1218D | B78: 7 | C78: 9 | F78: 16 | G78: 43.75 | H78: 43.75
A79: Подъемник ножничный дизельный LGMG SR1323D | B79: 7 | C79: 2 | F79: 9 | G79: 77.78 | H79: 77.78
A80: Подъемник ножничный дизельный LGMG SR1623D | B80: 23 | C80: 14 | E80: 1 | F80: 38 | G80: 62.16 | H80: 60.53
A81: Подъемник ножничный дизельный Sinoboom 1623RD | B81: 6 | C81: 4 | F81: 10 | G81: 60 | H81: 60
A82: Подъемник ножничный дизельный Zoomlion ZS1623RT | B82: 75 | C82: 21 | E82: 3 | F82: 99 | G82: 78.13 | H82: 75.76
A83: Подъемник ножничный электрический Aurora AS0607(H)-Li | B83: 33 | C83: 26 | F83: 59 | G83: 55.93 | H83: 55.93
A84: Подъемник ножничный электрический Aurora AS0607W(H) | B84: 5 | C84: 3 | F84: 8 | G84: 62.5 | H84: 62.5
A85: Подъемник ножничный электрический Aurora AS0607W(H)-Li | B85: 22 | C85: 25 | F85: 47 | G85: 46.81 | H85: 46.81
A86: Подъемник ножничный электрический Aurora AS0608(CF) | B86: 5 | C86: 1 | F86: 6 | G86: 83.33 | H86: 83.33
A87: Подъемник ножничный электрический Aurora AS0808(H) | B87: 0 | C87: 3 | F87: 3 | H87: 0
A88: Подъемник ножничный электрический Aurora AS0808(H)-Li | B88: 0 | C88: 2 | F88: 2 | H88: 0
A89: Подъемник ножничный электрический Aurora AS0812(H) | B89: 42 | C89: 11 | F89: 53 | G89: 79.25 | H89: 79.25
A90: Подъемник ножничный электрический Aurora AS0812(H)-Li | B90: 10 | C90: 11 | F90: 21 | G90: 47.62 | H90: 47.62
A91: Подъемник ножничный электрический Aurora AS1012(H)-Li | B91: 53 | C91: 18 | E91: 1 | F91: 72 | G91: 74.65 | H91: 73.61
A92: Подъемник ножничный электрический Aurora AS1212 (RS) | B92: 16 | C92: 11 | F92: 27 | G92: 59.26 | H92: 59.26
A93: Подъемник ножничный электрический Aurora AS1212(H)-Li | B93: 29 | C93: 29 | F93: 58 | G93: 50 | H93: 50
A94: Подъемник ножничный электрический Aurora AS1412 (RS) | B94: 96 | C94: 23 | F94: 119 | G94: 80.67 | H94: 80.67
A95: Подъемник ножничный электрический Aurora AS1413(H) | B95: 0 | C95: 5 | F95: 5 | H95: 0
A96: Подъемник ножничный электрический Aurora AS1413(H)-Li | B96: 0 | C96: 4 | E96: 1 | F96: 5 | H96: 0
A97: Подъемник ножничный электрический Aurora AS1414(H) | B97: 0 | C97: 5 | F97: 5 | H97: 0
A98: Подъемник ножничный электрический Aurora AS1414(H)-Li | B98: 0 | C98: 3 | E98: 2 | F98: 5 | H98: 0
A99: Подъемник ножничный электрический Aurora ASC0808 (RS) гусеничный | B99: 10 | C99: 29 | E99: 2 | F99: 41 | G99: 25.64 | H99: 24.39
A100: Подъемник ножничный электрический Dingli JCPT1008HA | B100: 26 | C100: 17 | F100: 43 | G100: 60.47 | H100: 60.47
...

Sheet 31.03.25
A1: Номенклатура | B1: Итого
B2: В аренде, шт | C2: На складе, шт | D2: Рем зона | E2: Брак | F2: Всего, шт | G2: Утилизация без брака, % | H2: Утилизация, %
A3: Подъемник коленчатый электрический Genie Z-33/18 | B3: 11 | C3: 5 | F3: 16 | G3: 68.75 | H3: 68.75
A4: Подъемник коленчатый дизельный Genie Z-45/25 | B4: 1 | F4: 1 | G4: 100 | H4: 100
A5: Подъемник коленчатый электрический Genie Z-45/25J DC | B5: 5 | C5: 7 | E5: 1 | F5: 13 | G5: 41.67 | H5: 38.46
A6: Подъемник коленчатый дизельный Genie Z-51/30J | B6: 3 | C6: 3 | F6: 6 | G6: 50 | H6: 50
A7: Подъемник коленчатый дизельный Genie Z-62/40 | B7: 1 | C7: 1 | F7: 2 | G7: 50 | H7: 50
A8: Подъемник коленчатый электрический HAULOTTE HA12 IP | B8: 1 | F8: 1 | G8: 100 | H8: 100
A9: Подъемник коленчатый электрический HAULOTTE HA15 IP | B9: 4 | C9: 2 | E9: 1 | F9: 7 | G9: 66.67 | H9: 57.14
A10: Подъемник коленчатый дизельный HAULOTTE HA16RTJ | B10: 1 | C10: 1 | F10: 2 | G10: 50 | H10: 50
A11: Подъемник коленчатый дизельный HAULOTTE HA20RTJ | B11: 6 | C11: 1 | F11: 7 | G11: 85.71 | H11: 85.71
A12: Подъемник коленчатый дизельный HAULOTTE HA26RTJ PRO | B12: 4 | C12: 2 | F12: 6 | G12: 66.67 | H12: 66.67
A13: Подъемник коленчатый дизельный JLG 520AJ | B13: 7 | C13: 2 | F13: 9 | G13: 77.78 | H13: 77.78
A14: Подъемник коленчатый дизельный JLG 600AJ | B14: 2 | C14: 1 | F14: 3 | G14: 66.67 | H14: 66.67
A15: Подъемник коленчатый электрический JLG E450AJ | B15: 0 | C15: 1 | E15: 1 | F15: 2 | H15: 0
A16: Подъемник коленчатый дизельный MANITOU 200 ATJ-X | B16: 3 | F16: 3 | G16: 100 | H16: 100
A17: Подъемник коленчатый дизельный MANITOU 180 ATJ | B17: 1 | F17: 1 | G17: 100 | H17: 100
A18: Подъемник мачтовый электрический Aurora AMWP3.6-6100 (Rees) | B18: 2 | C18: 3 | F18: 5 | G18: 40 | H18: 40
A19: Подъемник мачтовый электрический Aurora AMWP4.8-6100 (Rees) | B19: 4 | C19: 1 | E19: 1 | F19: 6 | G19: 80 | H19: 66.67
A20: Подъемник мачтовый электрический Aurora AMWP7.5-1100 (Rees) | B20: 0 | E20: 1 | F20: 1 | H20: 0
A21: Подъемник мачтовый электрический Aurora AMWP7.5-2100 (Rees) | B21: 0 | C21: 2 | F21: 2 | H21: 0
A22: Подъемник мачтовый электрический Aurora AMWP9-2100 (Rees) | B22: 1 | F22: 1 | G22: 100 | H22: 100
A23: Подъемник ножничный электрический Aurora AS0808 (RS) | B23: 73 | C23: 28 | E23: 1 | F23: 102 | G23: 72.28 | H23: 71.57
A24: Подъемник ножничный электрический Aurora AS1012 (RS) | B24: 14 | C24: 9 | F24: 23 | G24: 60.87 | H24: 60.87
A25: Ножничный подъемник Aurora AS1416 (RS) | B25: 1 | F25: 1 | G25: 100 | H25: 100
A26: Подъемник ножничный электрический Aurora JCPT0307 (Rees) | B26: 0 | C26: 4 | E26: 1 | F26: 5 | H26: 0
A27: Подъемник ножничный электрический Aurora JCPT0407 (Rees) | B27: 1 | C27: 2 | E27: 1 | F27: 4 | G27: 33.33 | H27: 25
A28: Подъемник ножничный электрический Genie GS 2032 | B28: 1 | C28: 1 | F28: 2 | G28: 50 | H28: 50
A29: Подъемник ножничный электрический Genie GS 2632 | B29: 0 | C29: 1 | F29: 1 | H29: 0
A30: Подъемник ножничный электрический Genie GS 3246 | B30: 1 | C30: 2 | F30: 3 | G30: 33.33 | H30: 33.33
A31: Подъемник ножничный электрический Genie GS 4047 | B31: 0 | C31: 2 | F31: 2 | H31: 0
A32: Подъемник ножничный электрический Haulotte COMPACT 10N | B32: 0 | C32: 1 | E32: 1 | F32: 2 | H32: 0
A33: Подъемник ножничный электрический HAULOTTE COMPACT 14 | B33: 1 | C33: 1 | F33: 2 | G33: 50 | H33: 50
A34: Подъемник ножничный электрический JLG 2630ES | B34: 5 | C34: 4 | F34: 9 | G34: 55.56 | H34: 55.56
A35: Подъемник ножничный электрический JLG R2632 | B35: 0 | C35: 1 | F35: 1 | H35: 0
A36: Подъемник ножничный электрический JLG R4045 | B36: 1 | F36: 1 | G36: 100 | H36: 100
A37: Подъемник ножничный электрический Zoomlion ZS1414DC | B37: 4 | C37: 1 | F37: 5 | G37: 80 | H37: 80
A38: Подъемник коленчатый дизельный Dingli BA16CRT2 | B38: 12 | C38: 5 | F38: 17 | G38: 70.59 | H38: 70.59
A39: Подъемник коленчатый дизельный Dingli BA16СRT | B39: 6 | C39: 6 | E39: 1 | F39: 13 | G39: 50 | H39: 46.15
A40: Подъемник коленчатый дизельный Dingli BA18CRT | B40: 11 | C40: 2 | F40: 13 | G40: 84.62 | H40: 84.62
A41: Подъемник коленчатый дизельный Dingli BA18CRT2 | B41: 74 | C41: 10 | F41: 84 | G41: 88.1 | H41: 88.1
A42: Подъемник коленчатый дизельный Dingli BA22CRT | B42: 11 | C42: 3 | E42: 1 | F42: 15 | G42: 78.57 | H42: 73.33
A43: Подъемник коленчатый дизельный Dingli BA22CRT2 | B43: 20 | C43: 4 | F43: 24 | G43: 83.33 | H43: 83.33
A44: Подъемник коленчатый дизельный Dingli BA22CRT2 4WS | B44: 5 | C44: 5 | F44: 10 | G44: 50 | H44: 50
A45: Подъемник коленчатый дизельный Dingli BA28BRT | B45: 6 | F45: 6 | G45: 100 | H45: 100
A46: Подъемник коленчатый дизельный Dingli BA28RT | B46: 47 | C46: 13 | E46: 2 | F46: 62 | G46: 78.33 | H46: 75.81
A47: Подъемник коленчатый дизельный Dingli BA41RT | B47: 9 | F47: 9 | G47: 100 | H47: 100
A48: Подъемник коленчатый дизельный Dingli BA44RT | B48: 5 | C48: 2 | F48: 7 | G48: 71.43 | H48: 71.43
A49: Подъемник коленчатый дизельный LGMG AR14J | B49: 5 | C49: 7 | E49: 1 | F49: 13 | G49: 41.67 | H49: 38.46
A50: Подъемник коленчатый дизельный LGMG AR16J | B50: 11 | C50: 10 | E50: 1 | F50: 22 | G50: 52.38 | H50: 50
A51: Подъемник коленчатый дизельный Sinoboom AB15J | B51: 51 | C51: 18 | E51: 1 | F51: 70 | G51: 73.91 | H51: 72.86
A52: Подъемник коленчатый дизельный Sinoboom AB18J | B52: 55 | C52: 43 | E52: 1 | F52: 99 | G52: 56.12 | H52: 55.56
A53: Подъемник коленчатый дизельный Sinoboom AB26J Plus | B53: 19 | C53: 22 | F53: 41 | G53: 46.34 | H53: 46.34
A54: Подъемник коленчатый дизельный Sinoboom AB46RJ | B54: 0 | C54: 1 | F54: 1 | H54: 0
A55: Подъемник коленчатый дизельный Zoomlion ZA14J | B55: 86 | C55: 58 | E55: 3 | F55: 147 | G55: 59.72 | H55: 58.5
A56: Подъемник коленчатый дизельный Zoomlion ZA20J | B56: 135 | C56: 41 | E56: 1 | F56: 177 | G56: 76.7 | H56: 76.27
A57: Подъемник коленчатый дизельный Zoomlion ZA24J | B57: 87 | C57: 43 | E57: 2 | F57: 132 | G57: 66.92 | H57: 65.91
A58: Подъемник коленчатый дизельный Zoomlion ZA32J | B58: 66 | C58: 14 | E58: 5 | F58: 85 | G58: 82.5 | H58: 77.65
A59: Подъемник коленчатый электрический Aurora ART3.8JE(F) | B59: 14 | C59: 2 | E59: 1 | F59: 17 | G59: 87.5 | H59: 82.35
A60: Подъемник коленчатый электрический Dingli BA18NE | B60: 15 | C60: 7 | E60: 1 | F60: 23 | G60: 68.18 | H60: 65.22
A61: Подъемник коленчатый электрический Dingli BA22CERT2 | B61: 7 | C61: 6 | F61: 13 | G61: 53.85 | H61: 53.85
A62: Подъемник коленчатый электрический Dingli BA22ERT | B62: 5 | C62: 2 | F62: 7 | G62: 71.43 | H62: 71.43
A63: Подъемник коленчатый электрический LGMG A14JE | B63: 12 | C63: 3 | F63: 15 | G63: 80 | H63: 80
A64: Подъемник коленчатый электрический Sinoboom AB14EJ | B64: 4 | C64: 6 | F64: 10 | G64: 40 | H64: 40
A65: Подъемник коленчатый электрический Sinoboom AB16EJ | B65: 9 | C65: 39 | F65: 48 | G65: 18.75 | H65: 18.75
A66: Подъемник коленчатый электрический Zoomlion ZA14JE | B66: 15 | C66: 22 | F66: 37 | G66: 40.54 | H66: 40.54
A67: Подъемник коленчатый электрический Zoomlion ZA14NJE | B67: 20 | C67: 7 | F67: 27 | G67: 74.07 | H67: 74.07
A68: Подъемник коленчатый электрический Zoomlion ZA20JE | B68: 7 | F68: 7 | G68: 100 | H68: 100
A69: Подъемник коленчатый электрический Zoomlion ZA20JERT | B69: 9 | C69: 8 | F69: 17 | G69: 52.94 | H69: 52.94
A70: Подъемник мачтовый электрический Dingli AMWP11.5-8100 | B70: 3 | C70: 4 | E70: 1 | F70: 8 | G70: 42.86 | H70: 37.5
A71: Подъемник мачтовый электрический Dingli AMWP11.5-8100AC | B71: 9 | C71: 7 | F71: 16 | G71: 56.25 | H71: 56.25
A72: Подъемник ножничный электрический MAGNI ES1412E | B72: 1 | C72: 1 | E72: 1 | F72: 3 | G72: 50 | H72: 33.33
A73: Подъемник ножничный электрический MAGNI ES1612E | B73: 0 | C73: 1 | F73: 1 | H73: 0
A74: Подъёмник ножничный электрический Manitou Maniaccess 100 SEC | B74: 0 | E74: 1 | F74: 1 | H74: 0
A75: Подъемник ножничный дизельный Dingli JCPT1218RT | B75: 1 | C75: 1 | F75: 2 | G75: 50 | H75: 50
A76: Подъемник ножничный дизельный Dingli JCPT1418RT | B76: 72 | C76: 46 | E76: 2 | F76: 120 | G76: 61.02 | H76: 60
A77: Подъемник ножничный дизельный Dingli JCPT1823RTB | B77: 8 | C77: 3 | F77: 11 | G77: 72.73 | H77: 72.73
A78: Подъемник ножничный дизельный Dingli JCPT1823RTL | B78: 27 | C78: 6 | F78: 33 | G78: 81.82 | H78: 81.82
A79: Подъемник ножничный дизельный LGMG AS1623RT | B79: 1 | F79: 1 | G79: 100 | H79: 100
A80: Подъемник ножничный дизельный LGMG SR1218D | B80: 9 | C80: 7 | F80: 16 | G80: 56.25 | H80: 56.25
A81: Подъемник ножничный дизельный LGMG SR1323D | B81: 5 | C81: 4 | F81: 9 | G81: 55.56 | H81: 55.56
A82: Подъемник ножничный дизельный LGMG SR1623D | B82: 30 | C82: 7 | E82: 1 | F82: 38 | G82: 81.08 | H82: 78.95
A83: Подъемник ножничный дизельный Sinoboom 1623RD | B83: 15 | C83: 14 | F83: 29 | G83: 51.72 | H83: 51.72
A84: Подъемник ножничный дизельный Zoomlion ZS1623RT | B84: 84 | C84: 12 | E84: 3 | F84: 99 | G84: 87.5 | H84: 84.85
A85: Подъемник ножничный электрический Aurora AS0607(H)-Li | B85: 38 | C85: 20 | E85: 1 | F85: 59 | G85: 65.52 | H85: 64.41
A86: Подъемник ножничный электрический Aurora AS0607W(H) | B86: 7 | C86: 1 | F86: 8 | G86: 87.5 | H86: 87.5
A87: Подъемник ножничный электрический Aurora AS0607W(H)-Li | B87: 32 | C87: 15 | F87: 47 | G87: 68.09 | H87: 68.09
A88: Подъемник ножничный электрический Aurora AS0608(CF) | B88: 4 | C88: 2 | F88: 6 | G88: 66.67 | H88: 66.67
A89: Подъемник ножничный электрический Aurora AS0808(H) | B89: 3 | F89: 3 | G89: 100 | H89: 100
A90: Подъемник ножничный электрический Aurora AS0808(H)-Li | B90: 0 | C90: 2 | F90: 2 | H90: 0
A91: Подъемник ножничный электрический Aurora AS0812(H) | B91: 39 | C91: 14 | F91: 53 | G91: 73.58 | H91: 73.58
A92: Подъемник ножничный электрический Aurora AS0812(H)-Li | B92: 13 | C92: 9 | F92: 22 | G92: 59.09 | H92: 59.09
A93: Подъемник ножничный электрический Aurora AS1012(H)-Li | B93: 44 | C93: 27 | E93: 1 | F93: 72 | G93: 61.97 | H93: 61.11
A94: Подъемник ножничный электрический Aurora AS1212 (RS) | B94: 12 | C94: 15 | F94: 27 | G94: 44.44 | H94: 44.44
A95: Подъемник ножничный электрический Aurora AS1212(H)-Li | B95: 38 | C95: 20 | F95: 58 | G95: 65.52 | H95: 65.52
A96: Подъемник ножничный электрический Aurora AS1412 (RS) | B96: 90 | C96: 29 | F96: 119 | G96: 75.63 | H96: 75.63
A97: Подъемник ножничный электрический Aurora AS1413(H) | B97: 5 | F97: 5 | G97: 100 | H97: 100
A98: Подъемник ножничный электрический Aurora AS1413(H)-Li | B98: 2 | C98: 2 | E98: 1 | F98: 5 | G98: 50 | H98: 40
A99: Подъемник ножничный электрический Aurora AS1414(H) | B99: 3 | C99: 2 | F99: 5 | G99: 60 | H99: 60
A100: Подъемник ножничный электрический Aurora AS1414(H)-Li | B100: 4 | E100: 1 | F100: 5 | G100: 100 | H100: 80
...

Sheet 30.04.25
A1: Номенклатура | B1: Итого
B2: В аренде, шт | C2: На складе, шт | D2: Рем зона | E2: Брак | F2: Всего, шт | G2: Утилизация без брака, % | H2: Утилизация, %
A3: Подъемник коленчатый электрический Genie Z-33/18 | B3: 9 | C3: 7 | F3: 16 | G3: 56.25 | H3: 56.25
A4: Подъемник коленчатый дизельный Genie Z-45/25 | B4: 1 | F4: 1 | G4: 100 | H4: 100
A5: Подъемник коленчатый электрический Genie Z-45/25J DC | B5: 5 | C5: 7 | E5: 1 | F5: 13 | G5: 41.67 | H5: 38.46
A6: Подъемник коленчатый дизельный Genie Z-51/30J | B6: 5 | C6: 1 | F6: 6 | G6: 83.33 | H6: 83.33
A7: Подъемник коленчатый дизельный Genie Z-62/40 | B7: 1 | C7: 1 | F7: 2 | G7: 50 | H7: 50
A8: Подъемник коленчатый электрический HAULOTTE HA12 IP | B8: 0 | C8: 1 | F8: 1 | H8: 0
A9: Подъемник коленчатый электрический HAULOTTE HA15 IP | B9: 3 | C9: 3 | E9: 1 | F9: 7 | G9: 50 | H9: 42.86
A10: Подъемник коленчатый дизельный HAULOTTE HA16RTJ | B10: 1 | C10: 1 | F10: 2 | G10: 50 | H10: 50
A11: Подъемник коленчатый дизельный HAULOTTE HA20RTJ | B11: 3 | C11: 3 | E11: 1 | F11: 7 | G11: 50 | H11: 42.86
A12: Подъемник коленчатый дизельный HAULOTTE HA26RTJ PRO | B12: 3 | C12: 3 | F12: 6 | G12: 50 | H12: 50
A13: Подъемник коленчатый дизельный JLG 520AJ | B13: 8 | C13: 1 | F13: 9 | G13: 88.89 | H13: 88.89
A14: Подъемник коленчатый дизельный JLG 600AJ | B14: 0 | C14: 3 | F14: 3 | H14: 0
A15: Подъемник коленчатый электрический JLG E450AJ | B15: 0 | C15: 1 | E15: 1 | F15: 2 | H15: 0
A16: Подъемник коленчатый дизельный MANITOU 200 ATJ-X | B16: 1 | C16: 2 | F16: 3 | G16: 33.33 | H16: 33.33
A17: Подъемник коленчатый дизельный MANITOU 180 ATJ | B17: 1 | F17: 1 | G17: 100 | H17: 100
A18: Подъемник мачтовый электрический Aurora AMWP3.6-6100 (Rees) | B18: 3 | C18: 2 | F18: 5 | G18: 60 | H18: 60
A19: Подъемник мачтовый электрический Aurora AMWP4.8-6100 (Rees) | B19: 4 | C19: 1 | E19: 1 | F19: 6 | G19: 80 | H19: 66.67
A20: Подъемник мачтовый электрический Aurora AMWP7.5-1100 (Rees) | B20: 0 | E20: 1 | F20: 1 | H20: 0
A21: Подъемник мачтовый электрический Aurora AMWP7.5-2100 (Rees) | B21: 0 | C21: 2 | F21: 2 | H21: 0
A22: Подъемник мачтовый электрический Aurora AMWP9-2100 (Rees) | B22: 1 | F22: 1 | G22: 100 | H22: 100
A23: Подъемник ножничный электрический Aurora AS0808 (RS) | B23: 78 | C23: 23 | E23: 1 | F23: 102 | G23: 77.23 | H23: 76.47
A24: Подъемник ножничный электрический Aurora AS1012 (RS) | B24: 13 | C24: 10 | F24: 23 | G24: 56.52 | H24: 56.52
A25: Подъемник ножничный электрический Aurora JCPT0307 (Rees) | B25: 1 | C25: 3 | E25: 1 | F25: 5 | G25: 25 | H25: 20
A26: Подъемник ножничный электрический Aurora JCPT0407 (Rees) | B26: 1 | C26: 1 | E26: 2 | F26: 4 | G26: 50 | H26: 25
A27: Подъемник ножничный электрический Genie GS 2032 | B27: 2 | F27: 2 | G27: 100 | H27: 100
A28: Подъемник ножничный электрический Genie GS 2632 | B28: 0 | E28: 1 | F28: 1 | H28: 0
A29: Подъемник ножничный электрический Genie GS 3246 | B29: 3 | F29: 3 | G29: 100 | H29: 100
A30: Подъемник ножничный электрический Genie GS 4047 | B30: 0 | C30: 2 | F30: 2 | H30: 0
A31: Подъемник ножничный электрический Haulotte COMPACT 10N | B31: 1 | E31: 1 | F31: 2 | G31: 100 | H31: 50
A32: Подъемник ножничный электрический HAULOTTE COMPACT 14 | B32: 1 | C32: 1 | F32: 2 | G32: 50 | H32: 50
A33: Подъемник ножничный электрический JLG 2630ES | B33: 7 | C33: 2 | F33: 9 | G33: 77.78 | H33: 77.78
A34: Подъемник ножничный электрический JLG R2632 | B34: 0 | C34: 1 | F34: 1 | H34: 0
A35: Подъемник ножничный электрический JLG R4045 | B35: 0 | C35: 1 | F35: 1 | H35: 0
A36: Подъемник ножничный электрический Zoomlion ZS1414DC | B36: 2 | C36: 3 | F36: 5 | G36: 40 | H36: 40
A37: Подъемник коленчатый дизельный Dingli BA16CRT2 | B37: 15 | C37: 2 | F37: 17 | G37: 88.24 | H37: 88.24
A38: Подъемник коленчатый дизельный Dingli BA16СRT | B38: 10 | C38: 3 | F38: 13 | G38: 76.92 | H38: 76.92
A39: Подъемник коленчатый дизельный Dingli BA18CRT | B39: 10 | C39: 3 | F39: 13 | G39: 76.92 | H39: 76.92
A40: Подъемник коленчатый дизельный Dingli BA18CRT2 | B40: 72 | C40: 14 | D40: 1 | F40: 87 | G40: 82.76 | H40: 82.76
A41: Подъемник коленчатый дизельный Dingli BA22CRT | B41: 13 | C41: 1 | E41: 1 | F41: 15 | G41: 92.86 | H41: 86.67
A42: Подъемник коленчатый дизельный Dingli BA22CRT2 | B42: 21 | C42: 3 | F42: 24 | G42: 87.5 | H42: 87.5
A43: Подъемник коленчатый дизельный Dingli BA22CRT2 4WS | B43: 8 | C43: 8 | F43: 16 | G43: 50 | H43: 50
A44: Подъемник коленчатый дизельный Dingli BA28BRT | B44: 6 | F44: 6 | G44: 100 | H44: 100
A45: Подъемник коленчатый дизельный Dingli BA28RT | B45: 53 | C45: 10 | E45: 3 | F45: 66 | G45: 84.13 | H45: 80.3
A46: Подъемник коленчатый дизельный Dingli BA36RT | B46: 0 | C46: 1 | F46: 1 | H46: 0
A47: Подъемник коленчатый дизельный Dingli BA41RT | B47: 8 | C47: 1 | F47: 9 | G47: 88.89 | H47: 88.89
A48: Подъемник коленчатый дизельный Dingli BA44RT | B48: 9 | C48: 7 | F48: 16 | G48: 56.25 | H48: 56.25
A49: Подъемник коленчатый дизельный LGMG AR14J | B49: 6 | C49: 6 | E49: 1 | F49: 13 | G49: 50 | H49: 46.15
A50: Подъемник коленчатый дизельный LGMG AR16J | B50: 13 | C50: 7 | E50: 2 | F50: 22 | G50: 65 | H50: 59.09
A51: Подъемник коленчатый дизельный Sinoboom AB15J | B51: 62 | C51: 7 | E51: 1 | F51: 70 | G51: 89.86 | H51: 88.57
A52: Подъемник коленчатый дизельный Sinoboom AB18J | B52: 82 | C52: 26 | E52: 1 | F52: 109 | G52: 75.93 | H52: 75.23
A53: Подъемник коленчатый дизельный Sinoboom AB26J Plus | B53: 21 | C53: 20 | F53: 41 | G53: 51.22 | H53: 51.22
A54: Подъемник коленчатый дизельный Sinoboom AB46RJ | B54: 1 | F54: 1 | G54: 100 | H54: 100
A55: Подъемник коленчатый дизельный Zoomlion ZA14J | B55: 109 | C55: 46 | D55: 2 | E55: 2 | F55: 159 | G55: 69.43 | H55: 68.55
A56: Подъемник коленчатый дизельный Zoomlion ZA20J | B56: 143 | C56: 53 | E56: 1 | F56: 197 | G56: 72.96 | H56: 72.59
A57: Подъемник коленчатый дизельный Zoomlion ZA24J | B57: 96 | C57: 36 | D57: 1 | F57: 133 | G57: 72.18 | H57: 72.18
A58: Подъемник коленчатый дизельный Zoomlion ZA32J | B58: 95 | C58: 6 | E58: 3 | F58: 104 | G58: 94.06 | H58: 91.35
A59: Подъемник коленчатый электрический Aurora ART3.8JE(F) | B59: 9 | C59: 5 | D59: 1 | E59: 2 | F59: 17 | G59: 60 | H59: 52.94
A60: Подъемник коленчатый электрический Dingli BA18NE | B60: 17 | C60: 6 | F60: 23 | G60: 73.91 | H60: 73.91
A61: Подъемник коленчатый электрический Dingli BA22CERT2 | B61: 8 | C61: 5 | F61: 13 | G61: 61.54 | H61: 61.54
A62: Подъемник коленчатый электрический Dingli BA22ERT | B62: 4 | C62: 3 | F62: 7 | G62: 57.14 | H62: 57.14
A63: Подъемник коленчатый электрический LGMG A14JE | B63: 10 | C63: 5 | F63: 15 | G63: 66.67 | H63: 66.67
A64: Подъемник коленчатый электрический Sinoboom AB14EJ | B64: 6 | C64: 4 | F64: 10 | G64: 60 | H64: 60
A65: Подъемник коленчатый электрический Sinoboom AB16EJ | B65: 18 | C65: 29 | F65: 47 | G65: 38.3 | H65: 38.3
A66: Подъемник коленчатый электрический Zoomlion ZA14JE | B66: 22 | C66: 15 | F66: 37 | G66: 59.46 | H66: 59.46
A67: Подъемник коленчатый электрический Zoomlion ZA14NJE | B67: 18 | C67: 8 | D67: 1 | F67: 27 | G67: 66.67 | H67: 66.67
A68: Подъемник коленчатый электрический Zoomlion ZA20JE | B68: 4 | C68: 3 | F68: 7 | G68: 57.14 | H68: 57.14
A69: Подъемник коленчатый электрический Zoomlion ZA20JERT | B69: 9 | C69: 8 | F69: 17 | G69: 52.94 | H69: 52.94
A70: Подъемник мачтовый электрический Dingli AMWP11.5-8100 | B70: 5 | C70: 2 | E70: 1 | F70: 8 | G70: 71.43 | H70: 62.5
A71: Подъемник мачтовый электрический Dingli AMWP11.5-8100AC | B71: 11 | C71: 5 | F71: 16 | G71: 68.75 | H71: 68.75
A72: Подъемник ножничный электрический MAGNI ES1412E | B72: 2 | E72: 1 | F72: 3 | G72: 100 | H72: 66.67
A73: Подъемник ножничный электрический MAGNI ES1612E | B73: 0 | E73: 1 | F73: 1 | H73: 0
A74: Подъёмник ножничный электрический Manitou Maniaccess 100 SEC | B74: 0 | E74: 1 | F74: 1 | H74: 0
A75: Подъемник ножничный дизельный Dingli JCPT1218RT | B75: 1 | C75: 1 | F75: 2 | G75: 50 | H75: 50
A76: Подъемник ножничный дизельный Dingli JCPT1418RT | B76: 75 | C76: 47 | D76: 1 | E76: 1 | F76: 124 | G76: 60.98 | H76: 60.48
A77: Подъемник ножничный дизельный Dingli JCPT1823RTB | B77: 11 | F77: 11 | G77: 100 | H77: 100
A78: Подъемник ножничный дизельный Dingli JCPT1823RTL | B78: 25 | C78: 8 | F78: 33 | G78: 75.76 | H78: 75.76
A79: Подъемник ножничный дизельный LGMG AS1623RT | B79: 0 | C79: 1 | F79: 1 | H79: 0
A80: Подъемник ножничный дизельный LGMG SR1218D | B80: 10 | C80: 6 | F80: 16 | G80: 62.5 | H80: 62.5
A81: Подъемник ножничный дизельный LGMG SR1323D | B81: 7 | C81: 2 | F81: 9 | G81: 77.78 | H81: 77.78
A82: Подъемник ножничный дизельный LGMG SR1623D | B82: 25 | C82: 12 | E82: 1 | F82: 38 | G82: 67.57 | H82: 65.79
A83: Подъемник ножничный дизельный Sinoboom 1623RD | B83: 35 | C83: 10 | F83: 45 | G83: 77.78 | H83: 77.78
A84: Подъемник ножничный дизельный Zoomlion ZS1623RT | B84: 82 | C84: 18 | E84: 3 | F84: 103 | G84: 82 | H84: 79.61
A85: Подъемник ножничный электрический Aurora AS0607(H)-Li | B85: 46 | C85: 22 | E85: 1 | F85: 69 | G85: 67.65 | H85: 66.67
A86: Подъемник ножничный электрический Aurora AS0607W(H) | B86: 6 | C86: 2 | F86: 8 | G86: 75 | H86: 75
A87: Подъемник ножничный электрический Aurora AS0607W(H)-Li | B87: 33 | C87: 19 | F87: 52 | G87: 63.46 | H87: 63.46
A88: Подъемник ножничный электрический Aurora AS0608(CF) | B88: 6 | F88: 6 | G88: 100 | H88: 100
A89: Подъемник ножничный электрический Aurora AS0808(H) | B89: 5 | C89: 3 | F89: 8 | G89: 62.5 | H89: 62.5
A90: Подъемник ножничный электрический Aurora AS0808(H)-Li | B90: 0 | C90: 2 | F90: 2 | H90: 0
A91: Подъемник ножничный электрический Aurora AS0812(H) | B91: 29 | C91: 23 | E91: 1 | F91: 53 | G91: 55.77 | H91: 54.72
A92: Подъемник ножничный электрический Aurora AS0812(H)-Li | B92: 12 | C92: 13 | D92: 2 | F92: 27 | G92: 44.44 | H92: 44.44
A93: Подъемник ножничный электрический Aurora AS1012(H)-Li | B93: 57 | C93: 20 | D93: 4 | E93: 1 | F93: 82 | G93: 70.37 | H93: 69.51
A94: Подъемник ножничный электрический Aurora AS1212 (RS) | B94: 13 | C94: 14 | F94: 27 | G94: 48.15 | H94: 48.15
A95: Подъемник ножничный электрический Aurora AS1212(H)-Li | B95: 39 | C95: 29 | F95: 68 | G95: 57.35 | H95: 57.35
A96: Подъемник ножничный электрический Aurora AS1412 (RS) | B96: 98 | C96: 20 | D96: 1 | F96: 119 | G96: 82.35 | H96: 82.35
A97: Подъемник ножничный электрический Aurora AS1413(H) | B97: 5 | F97: 5 | G97: 100 | H97: 100
A98: Подъемник ножничный электрический Aurora AS1413(H)-Li | B98: 9 | C98: 6 | F98: 15 | G98: 60 | H98: 60
A99: Подъемник ножничный электрический Aurora AS1414(H) | B99: 10 | C99: 5 | F99: 15 | G99: 66.67 | H99: 66.67
A100: Подъемник ножничный электрический Aurora AS1414(H)-Li | B100: 6 | C100: 3 | E100: 1 | F100: 10 | G100: 66.67 | H100: 60
...

Sheet 31.05.25
A1: Номенклатура | B1: Итого
B2: В аренде, шт | C2: На складе, шт | D2: Рем зона | E2: Брак | F2: Всего, шт | G2: Утилизация без брака, % | H2: Утилизация, %
A3: Подъемник коленчатый электрический Genie Z-33/18 | B3: 12 | C3: 3 | E3: 1 | F3: 16 | G3: 80 | H3: 75
A4: Подъемник коленчатый дизельный Genie Z-45/25 | B4: 1 | F4: 1 | G4: 100 | H4: 100
A5: Подъемник коленчатый электрический Genie Z-45/25J DC | B5: 7 | C5: 5 | E5: 1 | F5: 13 | G5: 58.33 | H5: 53.85
A6: Подъемник коленчатый дизельный Genie Z-51/30J | B6: 5 | C6: 1 | F6: 6 | G6: 83.33 | H6: 83.33
A7: Подъемник коленчатый дизельный Genie Z-62/40 | B7: 1 | C7: 1 | F7: 2 | G7: 50 | H7: 50
A8: Подъемник коленчатый электрический HAULOTTE HA12 IP | B8: 1 | F8: 1 | G8: 100 | H8: 100
A9: Подъемник коленчатый электрический HAULOTTE HA15 IP | B9: 4 | C9: 2 | E9: 1 | F9: 7 | G9: 66.67 | H9: 57.14
A10: Подъемник коленчатый дизельный HAULOTTE HA16RTJ | B10: 1 | C10: 1 | F10: 2 | G10: 50 | H10: 50
A11: Подъемник коленчатый дизельный HAULOTTE HA20RTJ | B11: 3 | C11: 4 | F11: 7 | G11: 42.86 | H11: 42.86
A12: Подъемник коленчатый дизельный HAULOTTE HA26RTJ PRO | B12: 3 | C12: 3 | F12: 6 | G12: 50 | H12: 50
A13: Подъемник коленчатый дизельный JLG 520AJ | B13: 7 | C13: 2 | F13: 9 | G13: 77.78 | H13: 77.78
A14: Подъемник коленчатый дизельный JLG 600AJ | B14: 0 | C14: 3 | F14: 3 | H14: 0
A15: Подъемник коленчатый электрический JLG E450AJ | B15: 0 | C15: 2 | F15: 2 | H15: 0
A16: Подъемник коленчатый дизельный MANITOU 200 ATJ-X | B16: 2 | C16: 1 | F16: 3 | G16: 66.67 | H16: 66.67
A17: Подъемник коленчатый дизельный MANITOU 180 ATJ | B17: 1 | F17: 1 | G17: 100 | H17: 100
A18: Подъемник мачтовый электрический Aurora AMWP3.6-6100 (Rees) | B18: 2 | C18: 3 | F18: 5 | G18: 40 | H18: 40
A19: Подъемник мачтовый электрический Aurora AMWP4.8-6100 (Rees) | B19: 3 | C19: 2 | E19: 1 | F19: 6 | G19: 60 | H19: 50
A20: Подъемник мачтовый электрический Aurora AMWP7.5-1100 (Rees) | B20: 0 | E20: 1 | F20: 1 | H20: 0
A21: Подъемник мачтовый электрический Aurora AMWP7.5-2100 (Rees) | B21: 1 | C21: 1 | F21: 2 | G21: 50 | H21: 50
A22: Подъемник мачтовый электрический Aurora AMWP9-2100 (Rees) | B22: 1 | F22: 1 | G22: 100 | H22: 100
A23: Подъемник ножничный электрический Aurora AS0808 (RS) | B23: 84 | C23: 14 | D23: 3 | E23: 1 | F23: 102 | G23: 83.17 | H23: 82.35
A24: Подъемник ножничный электрический Aurora AS1012 (RS) | B24: 13 | C24: 9 | E24: 1 | F24: 23 | G24: 59.09 | H24: 56.52
A25: Подъемник ножничный электрический Aurora JCPT0307 (Rees) | B25: 2 | C25: 2 | E25: 1 | F25: 5 | G25: 50 | H25: 40
A26: Подъемник ножничный электрический Aurora JCPT0407 (Rees) | B26: 0 | C26: 2 | E26: 2 | F26: 4 | H26: 0
A27: Подъемник ножничный электрический Genie GS 2032 | B27: 1 | C27: 1 | F27: 2 | G27: 50 | H27: 50
A28: Подъемник ножничный электрический Genie GS 2632 | B28: 0 | C28: 1 | F28: 1 | H28: 0
A29: Подъемник ножничный электрический Genie GS 3246 | B29: 0 | C29: 3 | F29: 3 | H29: 0
A30: Подъемник ножничный электрический Genie GS 4047 | B30: 0 | C30: 2 | F30: 2 | H30: 0
A31: Подъемник ножничный электрический Haulotte COMPACT 10N | B31: 1 | E31: 1 | F31: 2 | G31: 100 | H31: 50
A32: Подъемник ножничный электрический HAULOTTE COMPACT 14 | B32: 2 | F32: 2 | G32: 100 | H32: 100
A33: Подъемник ножничный электрический JLG 2630ES | B33: 6 | C33: 3 | F33: 9 | G33: 66.67 | H33: 66.67
A34: Подъемник ножничный электрический JLG R2632 | B34: 1 | F34: 1 | G34: 100 | H34: 100
A35: Подъемник ножничный электрический JLG R4045 | B35: 0 | C35: 1 | F35: 1 | H35: 0
A36: Подъемник ножничный электрический Zoomlion ZS1414DC | B36: 4 | C36: 1 | F36: 5 | G36: 80 | H36: 80
A37: Подъемник коленчатый дизельный Dingli BA16CRT2 | B37: 14 | C37: 3 | F37: 17 | G37: 82.35 | H37: 82.35
A38: Подъемник коленчатый дизельный Dingli BA16СRT | B38: 9 | C38: 4 | F38: 13 | G38: 69.23 | H38: 69.23
A39: Подъемник коленчатый дизельный Dingli BA18CRT | B39: 12 | C39: 1 | F39: 13 | G39: 92.31 | H39: 92.31
A40: Подъемник коленчатый дизельный Dingli BA18CRT2 | B40: 72 | C40: 14 | E40: 1 | F40: 87 | G40: 83.72 | H40: 82.76
A41: Подъемник коленчатый дизельный Dingli BA22CRT | B41: 11 | C41: 3 | E41: 1 | F41: 15 | G41: 78.57 | H41: 73.33
A42: Подъемник коленчатый дизельный Dingli BA22CRT2 | B42: 19 | C42: 5 | F42: 24 | G42: 79.17 | H42: 79.17
A43: Подъемник коленчатый дизельный Dingli BA22CRT2 4WS | B43: 7 | C43: 9 | F43: 16 | G43: 43.75 | H43: 43.75
A44: Подъемник коленчатый дизельный Dingli BA28BRT | B44: 6 | F44: 6 | G44: 100 | H44: 100
A45: Подъемник коленчатый дизельный Dingli BA28RT | B45: 48 | C45: 14 | E45: 4 | F45: 66 | G45: 77.42 | H45: 72.73
A46: Подъемник коленчатый дизельный Dingli BA36RT | B46: 5 | C46: 1 | F46: 6 | G46: 83.33 | H46: 83.33
A47: Подъемник коленчатый дизельный Dingli BA41RT | B47: 9 | F47: 9 | G47: 100 | H47: 100
A48: Подъемник коленчатый дизельный Dingli BA44RT | B48: 32 | C48: 3 | F48: 35 | G48: 91.43 | H48: 91.43
A49: Подъемник коленчатый дизельный LGMG AR14J | B49: 9 | C49: 3 | E49: 1 | F49: 13 | G49: 75 | H49: 69.23
A50: Подъемник коленчатый дизельный LGMG AR16J | B50: 12 | C50: 8 | E50: 2 | F50: 22 | G50: 60 | H50: 54.55
A51: Подъемник коленчатый дизельный Sinoboom AB15J | B51: 65 | C51: 5 | F51: 70 | G51: 92.86 | H51: 92.86
A52: Подъемник коленчатый дизельный Sinoboom AB18J | B52: 93 | C52: 14 | D52: 1 | E52: 1 | F52: 109 | G52: 86.11 | H52: 85.32
A53: Подъёмник коленчатый дизельный Sinoboom AB25J | B53: 0 | C53: 5 | F53: 5 | H53: 0
A54: Подъемник коленчатый дизельный Sinoboom AB26J Plus | B54: 26 | C54: 22 | E54: 3 | F54: 51 | G54: 54.17 | H54: 50.98
A55: Подъемник коленчатый дизельный Sinoboom AB46RJ | B55: 1 | F55: 1 | G55: 100 | H55: 100
A56: Подъемник коленчатый дизельный Zoomlion ZA14J | B56: 134 | C56: 23 | D56: 2 | E56: 1 | F56: 160 | G56: 84.28 | H56: 83.75
A57: Подъемник коленчатый дизельный Zoomlion ZA20J | B57: 155 | C57: 48 | E57: 2 | F57: 205 | G57: 76.35 | H57: 75.61
A58: Подъемник коленчатый дизельный Zoomlion ZA24J | B58: 87 | C58: 49 | F58: 136 | G58: 63.97 | H58: 63.97
A59: Подъемник коленчатый дизельный Zoomlion ZA32J | B59: 108 | C59: 10 | E59: 3 | F59: 121 | G59: 91.53 | H59: 89.26
A60: Подъемник коленчатый электрический Aurora ART3.8JE(F) | B60: 16 | C60: 3 | E60: 2 | F60: 21 | G60: 84.21 | H60: 76.19
A61: Подъемник коленчатый электрический Dingli BA18NE | B61: 16 | C61: 7 | F61: 23 | G61: 69.57 | H61: 69.57
A62: Подъемник коленчатый электрический Dingli BA22CERT2 | B62: 5 | C62: 7 | D62: 1 | F62: 13 | G62: 38.46 | H62: 38.46
A63: Подъемник коленчатый электрический Dingli BA22ERT | B63: 2 | C63: 5 | F63: 7 | G63: 28.57 | H63: 28.57
A64: Подъемник коленчатый электрический LGMG A14JE | B64: 8 | C64: 7 | F64: 15 | G64: 53.33 | H64: 53.33
A65: Подъемник коленчатый электрический Sinoboom AB14EJ | B65: 9 | C65: 11 | F65: 20 | G65: 45 | H65: 45
A66: Подъемник коленчатый электрический Sinoboom AB16EJ | B66: 31 | C66: 16 | F66: 47 | G66: 65.96 | H66: 65.96
A67: Подъемник коленчатый электрический Zoomlion ZA10RJE | B67: 0 | C67: 2 | F67: 2 | H67: 0
A68: Подъемник коленчатый электрический Zoomlion ZA14JE | B68: 30 | C68: 7 | F68: 37 | G68: 81.08 | H68: 81.08
A69: Подъемник коленчатый электрический Zoomlion ZA14NJE | B69: 17 | C69: 9 | D69: 1 | F69: 27 | G69: 62.96 | H69: 62.96
A70: Подъемник коленчатый электрический Zoomlion ZA20JE | B70: 3 | C70: 4 | F70: 7 | G70: 42.86 | H70: 42.86
A71: Подъемник коленчатый электрический Zoomlion ZA20JERT | B71: 9 | C71: 11 | F71: 20 | G71: 45 | H71: 45
A72: Подъемник мачтовый электрический Dingli AMWP11.5-8100 | B72: 4 | C72: 3 | E72: 1 | F72: 8 | G72: 57.14 | H72: 50
A73: Подъемник мачтовый электрический Dingli AMWP11.5-8100AC | B73: 10 | C73: 6 | F73: 16 | G73: 62.5 | H73: 62.5
A74: Подъемник ножничный электрический MAGNI ES1412E | B74: 2 | E74: 1 | F74: 3 | G74: 100 | H74: 66.67
A75: Подъемник ножничный электрический MAGNI ES1612E | B75: 0 | E75: 1 | F75: 1 | H75: 0
A76: Подъёмник ножничный электрический Manitou Maniaccess 100 SEC | B76: 0 | E76: 1 | F76: 1 | H76: 0
A77: Подъемник ножничный дизельный Dingli JCPT1218RT | B77: 2 | F77: 2 | G77: 100 | H77: 100
A78: Подъемник ножничный дизельный Dingli JCPT1418RT | B78: 82 | C78: 36 | D78: 2 | E78: 2 | F78: 122 | G78: 68.33 | H78: 67.21
A79: Подъемник ножничный дизельный Dingli JCPT1823RTB | B79: 9 | C79: 2 | F79: 11 | G79: 81.82 | H79: 81.82
A80: Подъемник ножничный дизельный Dingli JCPT1823RTL | B80: 25 | C80: 8 | F80: 33 | G80: 75.76 | H80: 75.76
A81: Подъемник ножничный дизельный LGMG AS1623RT | B81: 1 | F81: 1 | G81: 100 | H81: 100
A82: Подъемник ножничный дизельный LGMG SR1218D | B82: 10 | C82: 6 | F82: 16 | G82: 62.5 | H82: 62.5
A83: Подъемник ножничный дизельный LGMG SR1323D | B83: 8 | C83: 1 | F83: 9 | G83: 88.89 | H83: 88.89
A84: Подъемник ножничный дизельный LGMG SR1623D | B84: 25 | C84: 12 | E84: 1 | F84: 38 | G84: 67.57 | H84: 65.79
A85: Подъемник ножничный дизельный Sinoboom 1623RD | B85: 32 | C85: 23 | F85: 55 | G85: 58.18 | H85: 58.18
A86: Подъемник ножничный дизельный Zoomlion ZS1623RT | B86: 81 | C86: 34 | E86: 3 | F86: 118 | G86: 70.43 | H86: 68.64
A87: Подъемник ножничный электрический Aurora AS0607(H)-Li | B87: 49 | C87: 33 | E87: 1 | F87: 83 | G87: 59.76 | H87: 59.04
A88: Подъемник ножничный электрический Aurora AS0607W(H) | B88: 8 | F88: 8 | G88: 100 | H88: 100
A89: Подъемник ножничный электрический Aurora AS0607W(H)-Li | B89: 36 | C89: 16 | F89: 52 | G89: 69.23 | H89: 69.23
A90: Подъемник ножничный электрический Aurora AS0608(CF) | B90: 4 | C90: 2 | F90: 6 | G90: 66.67 | H90: 66.67
A91: Подъемник ножничный электрический Aurora AS0808(H) | B91: 6 | C91: 4 | F91: 10 | G91: 60 | H91: 60
A92: Подъемник ножничный электрический Aurora AS0808(H)-Li | B92: 1 | C92: 8 | F92: 9 | G92: 11.11 | H92: 11.11
A93: Подъемник ножничный электрический Aurora AS0812(H) | B93: 34 | C93: 18 | E93: 1 | F93: 53 | G93: 65.38 | H93: 64.15
A94: Подъемник ножничный электрический Aurora AS0812(H)-Li | B94: 17 | C94: 13 | D94: 3 | F94: 33 | G94: 51.52 | H94: 51.52
A95: Подъемник ножничный электрический Aurora AS1012(H)-Li | B95: 61 | C95: 40 | E95: 1 | F95: 102 | G95: 60.4 | H95: 59.8
A96: Подъемник ножничный электрический Aurora AS1212 (RS) | B96: 19 | C96: 8 | F96: 27 | G96: 70.37 | H96: 70.37
A97: Подъемник ножничный электрический Aurora AS1212(H)-Li | B97: 45 | C97: 34 | D97: 1 | F97: 80 | G97: 56.25 | H97: 56.25
A98: Подъемник ножничный электрический Aurora AS1412 (RS) | B98: 92 | C98: 25 | D98: 2 | F98: 119 | G98: 77.31 | H98: 77.31
A99: Подъемник ножничный электрический Aurora AS1413(H) | B99: 5 | C99: 11 | F99: 16 | G99: 31.25 | H99: 31.25
A100: Подъемник ножничный электрический Aurora AS1413(H)-Li | B100: 13 | C100: 6 | E100: 1 | F100: 20 | G100: 68.42 | H100: 65
...

Sheet 30.06.25
A1: Номенклатура | B1: Итого
B2: В аренде, шт | C2: На складе, шт | D2: Рем зона | E2: Брак | F2: Всего, шт | G2: Утилизация без брака, % | H2: Утилизация, %
A3: Подъемник коленчатый электрический Genie Z-33/18 | B3: 12 | C3: 3 | E3: 1 | F3: 16 | G3: 80 | H3: 75
A4: Подъемник коленчатый дизельный Genie Z-45/25 | B4: 0 | C4: 1 | F4: 1 | H4: 0
A5: Подъемник коленчатый электрический Genie Z-45/25J DC | B5: 7 | C5: 5 | E5: 1 | F5: 13 | G5: 58.33 | H5: 53.85
A6: Подъемник коленчатый дизельный Genie Z-51/30J | B6: 5 | C6: 1 | F6: 6 | G6: 83.33 | H6: 83.33
A7: Подъемник коленчатый дизельный Genie Z-62/40 | B7: 1 | C7: 1 | F7: 2 | G7: 50 | H7: 50
A8: Подъемник коленчатый электрический HAULOTTE HA12 IP | B8: 0 | C8: 1 | F8: 1 | H8: 0
A9: Подъемник коленчатый электрический HAULOTTE HA15 IP | B9: 5 | C9: 1 | E9: 1 | F9: 7 | G9: 83.33 | H9: 71.43
A10: Подъемник коленчатый дизельный HAULOTTE HA16RTJ | B10: 1 | C10: 1 | F10: 2 | G10: 50 | H10: 50
A11: Подъемник коленчатый дизельный HAULOTTE HA20RTJ | B11: 5 | C11: 2 | F11: 7 | G11: 71.43 | H11: 71.43
A12: Подъемник коленчатый дизельный HAULOTTE HA26RTJ PRO | B12: 4 | C12: 2 | F12: 6 | G12: 66.67 | H12: 66.67
A13: Подъемник коленчатый дизельный JLG 520AJ | B13: 6 | C13: 1 | E13: 2 | F13: 9 | G13: 85.71 | H13: 66.67
A14: Подъемник коленчатый дизельный JLG 600AJ | B14: 2 | E14: 1 | F14: 3 | G14: 100 | H14: 66.67
A15: Подъемник коленчатый электрический JLG E450AJ | B15: 1 | C15: 1 | F15: 2 | G15: 50 | H15: 50
A16: Подъемник коленчатый дизельный MANITOU 200 ATJ-X | B16: 2 | C16: 1 | F16: 3 | G16: 66.67 | H16: 66.67
A17: Подъемник коленчатый дизельный MANITOU 180 ATJ | B17: 1 | F17: 1 | G17: 100 | H17: 100
A18: Подъемник мачтовый электрический Aurora AMWP3.6-6100 (Rees) | B18: 2 | C18: 3 | F18: 5 | G18: 40 | H18: 40
A19: Подъемник мачтовый электрический Aurora AMWP4.8-6100 (Rees) | B19: 1 | C19: 3 | E19: 1 | F19: 5 | G19: 25 | H19: 20
A20: Подъемник мачтовый электрический Aurora AMWP7.5-1100 (Rees) | B20: 0 | E20: 1 | F20: 1 | H20: 0
A21: Подъемник мачтовый электрический Aurora AMWP7.5-2100 (Rees) | B21: 1 | C21: 1 | F21: 2 | G21: 50 | H21: 50
A22: Подъемник мачтовый электрический Aurora AMWP9-2100 (Rees) | B22: 1 | F22: 1 | G22: 100 | H22: 100
A23: Подъемник ножничный электрический Aurora AS0808 (RS) | B23: 80 | C23: 21 | E23: 1 | F23: 102 | G23: 79.21 | H23: 78.43
A24: Подъемник ножничный электрический Aurora AS1012 (RS) | B24: 17 | C24: 5 | E24: 1 | F24: 23 | G24: 77.27 | H24: 73.91
A25: Подъемник ножничный электрический Aurora JCPT0307 (Rees) | B25: 2 | C25: 2 | E25: 1 | F25: 5 | G25: 50 | H25: 40
A26: Подъемник ножничный электрический Aurora JCPT0407 (Rees) | B26: 0 | C26: 3 | E26: 1 | F26: 4 | H26: 0
A27: Подъемник ножничный электрический Genie GS 2032 | B27: 2 | F27: 2 | G27: 100 | H27: 100
A28: Подъемник ножничный электрический Genie GS 2632 | B28: 1 | F28: 1 | G28: 100 | H28: 100
A29: Подъемник ножничный электрический Genie GS 3246 | B29: 2 | C29: 1 | F29: 3 | G29: 66.67 | H29: 66.67
A30: Подъемник ножничный электрический Genie GS 4047 | B30: 0 | C30: 2 | F30: 2 | H30: 0
A31: Подъемник ножничный электрический Haulotte COMPACT 10N | B31: 1 | E31: 1 | F31: 2 | G31: 100 | H31: 50
A32: Подъемник ножничный электрический HAULOTTE COMPACT 14 | B32: 1 | C32: 1 | F32: 2 | G32: 50 | H32: 50
A33: Подъемник ножничный электрический JLG 2630ES | B33: 6 | C33: 3 | F33: 9 | G33: 66.67 | H33: 66.67
A34: Подъемник ножничный электрический JLG R2632 | B34: 1 | F34: 1 | G34: 100 | H34: 100
A35: Подъемник ножничный электрический JLG R4045 | B35: 0 | C35: 1 | F35: 1 | H35: 0
A36: Подъемник ножничный электрический Zoomlion ZS1414DC | B36: 5 | F36: 5 | G36: 100 | H36: 100
A37: Подъемник коленчатый дизельный Dingli BA16CRT2 | B37: 16 | C37: 1 | F37: 17 | G37: 94.12 | H37: 94.12
A38: Подъемник коленчатый дизельный Dingli BA16СRT | B38: 9 | C38: 4 | F38: 13 | G38: 69.23 | H38: 69.23
A39: Подъемник коленчатый дизельный Dingli BA18CRT | B39: 13 | F39: 13 | G39: 100 | H39: 100
A40: Подъемник коленчатый дизельный Dingli BA18CRT2 | B40: 76 | C40: 10 | E40: 1 | F40: 87 | G40: 88.37 | H40: 87.36
A41: Подъемник коленчатый дизельный Dingli BA22CRT | B41: 11 | C41: 3 | E41: 1 | F41: 15 | G41: 78.57 | H41: 73.33
A42: Подъемник коленчатый дизельный Dingli BA22CRT2 | B42: 18 | C42: 6 | F42: 24 | G42: 75 | H42: 75
A43: Подъемник коленчатый дизельный Dingli BA22CRT2 4WS | B43: 9 | C43: 7 | F43: 16 | G43: 56.25 | H43: 56.25
A44: Подъемник коленчатый дизельный Dingli BA28BRT | B44: 5 | C44: 1 | F44: 6 | G44: 83.33 | H44: 83.33
A45: Подъемник коленчатый дизельный Dingli BA28RT | B45: 45 | C45: 21 | E45: 3 | F45: 69 | G45: 68.18 | H45: 65.22
A46: Подъемник коленчатый дизельный Dingli BA36RT | B46: 5 | C46: 7 | F46: 12 | G46: 41.67 | H46: 41.67
A47: Подъемник коленчатый дизельный Dingli BA41RT | B47: 9 | F47: 9 | G47: 100 | H47: 100
A48: Подъемник коленчатый дизельный Dingli BA44RT | B48: 35 | C48: 16 | E48: 2 | F48: 53 | G48: 68.63 | H48: 66.04
A49: Подъемник коленчатый дизельный LGMG AR14J | B49: 9 | C49: 3 | E49: 1 | F49: 13 | G49: 75 | H49: 69.23
A50: Подъемник коленчатый дизельный LGMG AR16J | B50: 13 | C50: 7 | E50: 2 | F50: 22 | G50: 65 | H50: 59.09
A51: Подъемник коленчатый дизельный Sinoboom AB15J | B51: 65 | C51: 5 | F51: 70 | G51: 92.86 | H51: 92.86
A52: Подъемник коленчатый дизельный Sinoboom AB18J | B52: 84 | C52: 29 | E52: 1 | F52: 114 | G52: 74.34 | H52: 73.68
A53: Подъёмник коленчатый дизельный Sinoboom AB25J | B53: 1 | C53: 4 | F53: 5 | G53: 20 | H53: 20
A54: Подъемник коленчатый дизельный Sinoboom AB26J Plus | B54: 41 | C54: 9 | E54: 1 | F54: 51 | G54: 82 | H54: 80.39
A55: Подъемник коленчатый дизельный Sinoboom AB46RJ | B55: 1 | F55: 1 | G55: 100 | H55: 100
A56: Подъемник коленчатый дизельный Zoomlion ZA14J | B56: 137 | C56: 39 | D56: 1 | E56: 2 | F56: 179 | G56: 77.4 | H56: 76.54
A57: Подъемник коленчатый дизельный Zoomlion ZA20J | B57: 170 | C57: 38 | E57: 3 | F57: 211 | G57: 81.73 | H57: 80.57
A58: Подъемник коленчатый дизельный Zoomlion ZA24J | B58: 104 | C58: 33 | E58: 2 | F58: 139 | G58: 75.91 | H58: 74.82
A59: Подъемник коленчатый дизельный Zoomlion ZA32J | B59: 118 | C59: 18 | E59: 4 | F59: 140 | G59: 86.76 | H59: 84.29
A60: Подъемник коленчатый электрический Aurora ART3.8JE(F) | B60: 20 | C60: 2 | E60: 1 | F60: 23 | G60: 90.91 | H60: 86.96
A61: Подъемник коленчатый электрический Dingli BA18NE | B61: 14 | C61: 9 | F61: 23 | G61: 60.87 | H61: 60.87
A62: Подъемник коленчатый электрический Dingli BA22CERT2 | B62: 5 | C62: 8 | F62: 13 | G62: 38.46 | H62: 38.46
A63: Подъемник коленчатый электрический Dingli BA22ERT | B63: 5 | C63: 2 | F63: 7 | G63: 71.43 | H63: 71.43
A64: Подъемник коленчатый электрический LGMG A14JE | B64: 11 | C64: 4 | F64: 15 | G64: 73.33 | H64: 73.33
A65: Подъемник коленчатый электрический Sinoboom AB14EJ | B65: 19 | C65: 9 | F65: 28 | G65: 67.86 | H65: 67.86
A66: Подъемник коленчатый электрический Sinoboom AB16EJ | B66: 36 | C66: 11 | F66: 47 | G66: 76.6 | H66: 76.6
A67: Подъемник коленчатый электрический Zoomlion ZA10RJE | B67: 2 | F67: 2 | G67: 100 | H67: 100
A68: Подъемник коленчатый электрический Zoomlion ZA14JE | B68: 29 | C68: 8 | F68: 37 | G68: 78.38 | H68: 78.38
A69: Подъемник коленчатый электрический Zoomlion ZA14NJE | B69: 23 | C69: 4 | F69: 27 | G69: 85.19 | H69: 85.19
A70: Подъемник коленчатый электрический Zoomlion ZA20JE | B70: 3 | C70: 4 | F70: 7 | G70: 42.86 | H70: 42.86
A71: Подъемник коленчатый электрический Zoomlion ZA20JERT | B71: 12 | C71: 15 | F71: 27 | G71: 44.44 | H71: 44.44
A72: Подъемник мачтовый электрический Dingli AMWP11.5-8100 | B72: 5 | C72: 2 | E72: 1 | F72: 8 | G72: 71.43 | H72: 62.5
A73: Подъемник мачтовый электрический Dingli AMWP11.5-8100AC | B73: 11 | C73: 5 | F73: 16 | G73: 68.75 | H73: 68.75
A74: Подъемник ножничный электрический MAGNI ES1412E | B74: 2 | E74: 1 | F74: 3 | G74: 100 | H74: 66.67
A75: Подъемник ножничный электрический MAGNI ES1612E | B75: 0 | E75: 1 | F75: 1 | H75: 0
A76: Подъёмник ножничный электрический Manitou Maniaccess 100 SEC | B76: 0 | E76: 1 | F76: 1 | H76: 0
A77: Подъемник ножничный дизельный Dingli JCPT1218RT | B77: 2 | F77: 2 | G77: 100 | H77: 100
A78: Подъемник ножничный дизельный Dingli JCPT1418RT | B78: 77 | C78: 45 | F78: 122 | G78: 63.11 | H78: 63.11
A79: Подъемник ножничный дизельный Dingli JCPT1823RTB | B79: 7 | C79: 4 | F79: 11 | G79: 63.64 | H79: 63.64
A80: Подъемник ножничный дизельный Dingli JCPT1823RTL | B80: 22 | C80: 11 | F80: 33 | G80: 66.67 | H80: 66.67
A81: Подъемник ножничный дизельный LGMG AS1623RT | B81: 0 | C81: 1 | F81: 1 | H81: 0
A82: Подъемник ножничный дизельный LGMG SR1218D | B82: 10 | C82: 5 | D82: 1 | F82: 16 | G82: 62.5 | H82: 62.5
A83: Подъемник ножничный дизельный LGMG SR1323D | B83: 7 | C83: 1 | D83: 1 | F83: 9 | G83: 77.78 | H83: 77.78
A84: Подъемник ножничный дизельный LGMG SR1623D | B84: 28 | C84: 9 | E84: 1 | F84: 38 | G84: 75.68 | H84: 73.68
A85: Подъемник ножничный дизельный Sinoboom 1623RD | B85: 49 | C85: 16 | F85: 65 | G85: 75.38 | H85: 75.38
A86: Подъемник ножничный дизельный Zoomlion ZS1623RT | B86: 91 | C86: 23 | E86: 4 | F86: 118 | G86: 79.82 | H86: 77.12
A87: Подъемник ножничный электрический Aurora AS0607(H)-Li | B87: 66 | C87: 32 | E87: 2 | F87: 100 | G87: 67.35 | H87: 66
A88: Подъемник ножничный электрический Aurora AS0607W(H) | B88: 7 | C88: 1 | F88: 8 | G88: 87.5 | H88: 87.5
A89: Подъемник ножничный электрический Aurora AS0607W(H)-Li | B89: 40 | C89: 12 | F89: 52 | G89: 76.92 | H89: 76.92
A90: Подъемник ножничный электрический Aurora AS0608(CF) | B90: 6 | F90: 6 | G90: 100 | H90: 100
A91: Подъемник ножничный электрический Aurora AS0808(H) | B91: 11 | C91: 4 | F91: 15 | G91: 73.33 | H91: 73.33
A92: Подъемник ножничный электрический Aurora AS0808(H)-Li | B92: 8 | C92: 7 | E92: 1 | F92: 16 | G92: 53.33 | H92: 50
A93: Подъемник ножничный электрический Aurora AS0812(H) | B93: 32 | C93: 20 | E93: 1 | F93: 53 | G93: 61.54 | H93: 60.38
A94: Подъемник ножничный электрический Aurora AS0812(H)-Li | B94: 25 | C94: 26 | F94: 51 | G94: 49.02 | H94: 49.02
A95: Подъемник ножничный электрический Aurora AS1012(H)-Li | B95: 79 | C95: 31 | E95: 2 | F95: 112 | G95: 71.82 | H95: 70.54
A96: Подъемник ножничный электрический Aurora AS1212 (RS) | B96: 23 | C96: 3 | E96: 1 | F96: 27 | G96: 88.46 | H96: 85.19
A97: Подъемник ножничный электрический Aurora AS1212(H)-Li | B97: 60 | C97: 30 | E97: 1 | F97: 91 | G97: 66.67 | H97: 65.93
A98: Подъемник ножничный электрический Aurora AS1412 (RS) | B98: 96 | C98: 23 | F98: 119 | G98: 80.67 | H98: 80.67
A99: Подъемник ножничный электрический Aurora AS1413(H) | B99: 11 | C99: 14 | F99: 25 | G99: 44 | H99: 44
A100: Подъемник ножничный электрический Aurora AS1413(H)-Li | B100: 17 | C100: 3 | E100: 3 | F100: 23 | G100: 85 | H100: 73.91
...

Sheet 31.07.25
A1: Номенклатура | B1: Итого
B2: В аренде, шт | C2: На складе, шт | D2: Рем зона | E2: Брак | F2: Всего, шт | G2: Утилизация без брака, % | H2: Утилизация, %
A3: Подъемник коленчатый электрический Genie Z-33/18 | B3: 12 | C3: 3 | E3: 1 | F3: 16 | G3: 80 | H3: 75
A4: Подъемник коленчатый дизельный Genie Z-45/25 | B4: 1 | F4: 1 | G4: 100 | H4: 100
A5: Подъемник коленчатый электрический Genie Z-45/25J DC | B5: 9 | C5: 2 | E5: 2 | F5: 13 | G5: 81.82 | H5: 69.23
A6: Подъемник коленчатый дизельный Genie Z-51/30J | B6: 6 | F6: 6 | G6: 100 | H6: 100
A7: Подъемник коленчатый дизельный Genie Z-62/40 | B7: 0 | C7: 2 | F7: 2 | H7: 0
A8: Подъемник коленчатый электрический HAULOTTE HA12 IP | B8: 1 | F8: 1 | G8: 100 | H8: 100
A9: Подъемник коленчатый электрический HAULOTTE HA15 IP | B9: 5 | C9: 1 | E9: 1 | F9: 7 | G9: 83.33 | H9: 71.43
A10: Подъемник коленчатый дизельный HAULOTTE HA16RTJ | B10: 1 | C10: 1 | F10: 2 | G10: 50 | H10: 50
A11: Подъемник коленчатый дизельный HAULOTTE HA20RTJ | B11: 5 | C11: 1 | E11: 1 | F11: 7 | G11: 83.33 | H11: 71.43
A12: Подъемник коленчатый дизельный HAULOTTE HA26RTJ PRO | B12: 6 | F12: 6 | G12: 100 | H12: 100
A13: Подъемник коленчатый дизельный JLG 520AJ | B13: 6 | C13: 2 | E13: 1 | F13: 9 | G13: 75 | H13: 66.67
A14: Подъемник коленчатый дизельный JLG 600AJ | B14: 0 | C14: 2 | E14: 1 | F14: 3 | H14: 0
A15: Подъемник коленчатый электрический JLG E450AJ | B15: 1 | C15: 1 | F15: 2 | G15: 50 | H15: 50
A16: Подъемник коленчатый дизельный MANITOU 200 ATJ-X | B16: 2 | C16: 1 | F16: 3 | G16: 66.67 | H16: 66.67
A17: Подъемник коленчатый дизельный MANITOU 180 ATJ | B17: 1 | F17: 1 | G17: 100 | H17: 100
A18: Подъемник мачтовый электрический Aurora AMWP3.6-6100 (Rees) | B18: 3 | C18: 2 | F18: 5 | G18: 60 | H18: 60
A19: Подъемник мачтовый электрический Aurora AMWP4.8-6100 (Rees) | B19: 1 | C19: 3 | E19: 1 | F19: 5 | G19: 25 | H19: 20
A20: Подъемник мачтовый электрический Aurora AMWP7.5-1100 (Rees) | B20: 0 | E20: 1 | F20: 1 | H20: 0
A21: Подъемник мачтовый электрический Aurora AMWP7.5-2100 (Rees) | B21: 0 | C21: 2 | F21: 2 | H21: 0
A22: Подъемник мачтовый электрический Aurora AMWP9-2100 (Rees) | B22: 0 | C22: 1 | F22: 1 | H22: 0
A23: Подъемник ножничный электрический Aurora AS0808 (RS) | B23: 88 | C23: 13 | E23: 1 | F23: 102 | G23: 87.13 | H23: 86.27
A24: Подъемник ножничный электрический Aurora AS1012 (RS) | B24: 19 | C24: 4 | F24: 23 | G24: 82.61 | H24: 82.61
A25: Подъемник ножничный электрический Aurora JCPT0307 (Rees) | B25: 2 | C25: 1 | E25: 2 | F25: 5 | G25: 66.67 | H25: 40
A26: Подъемник ножничный электрический Aurora JCPT0407 (Rees) | B26: 2 | C26: 2 | F26: 4 | G26: 50 | H26: 50
A27: Подъемник ножничный электрический Genie GS 2032 | B27: 2 | F27: 2 | G27: 100 | H27: 100
A28: Подъемник ножничный электрический Genie GS 2632 | B28: 0 | C28: 1 | F28: 1 | H28: 0
A29: Подъемник ножничный электрический Genie GS 3246 | B29: 1 | C29: 2 | F29: 3 | G29: 33.33 | H29: 33.33
A30: Подъемник ножничный электрический Genie GS 4047 | B30: 1 | C30: 1 | F30: 2 | G30: 50 | H30: 50
A31: Подъемник ножничный электрический Haulotte COMPACT 10N | B31: 1 | C31: 1 | F31: 2 | G31: 50 | H31: 50
A32: Подъемник ножничный электрический HAULOTTE COMPACT 14 | B32: 1 | C32: 1 | F32: 2 | G32: 50 | H32: 50
A33: Подъемник ножничный электрический JLG 2630ES | B33: 7 | C33: 2 | F33: 9 | G33: 77.78 | H33: 77.78
A34: Подъемник ножничный электрический JLG R2632 | B34: 1 | F34: 1 | G34: 100 | H34: 100
A35: Подъемник ножничный электрический JLG R4045 | B35: 1 | F35: 1 | G35: 100 | H35: 100
A36: Подъемник ножничный электрический Zoomlion ZS1414DC | B36: 4 | C36: 1 | F36: 5 | G36: 80 | H36: 80
A37: Подъемник коленчатый дизельный Dingli BA16CRT2 | B37: 15 | C37: 2 | F37: 17 | G37: 88.24 | H37: 88.24
A38: Подъемник коленчатый дизельный Dingli BA16СRT | B38: 10 | C38: 2 | E38: 1 | F38: 13 | G38: 83.33 | H38: 76.92
A39: Подъемник коленчатый дизельный Dingli BA18CRT | B39: 8 | C39: 3 | D39: 2 | F39: 13 | G39: 61.54 | H39: 61.54
A40: Подъемник коленчатый дизельный Dingli BA18CRT2 | B40: 86 | C40: 18 | E40: 3 | F40: 107 | G40: 82.69 | H40: 80.37
A41: Подъемник коленчатый дизельный Dingli BA22CRT | B41: 12 | C41: 3 | F41: 15 | G41: 80 | H41: 80
A42: Подъемник коленчатый дизельный Dingli BA22CRT2 | B42: 21 | C42: 3 | F42: 24 | G42: 87.5 | H42: 87.5
A43: Подъемник коленчатый дизельный Dingli BA22CRT2 4WS | B43: 11 | C43: 6 | F43: 17 | G43: 64.71 | H43: 64.71
A44: Подъемник коленчатый дизельный Dingli BA28BRT | B44: 6 | F44: 6 | G44: 100 | H44: 100
A45: Подъемник коленчатый дизельный Dingli BA28RT | B45: 66 | C45: 4 | E45: 1 | F45: 71 | G45: 94.29 | H45: 92.96
A46: Подъемник коленчатый дизельный Dingli BA36RT | B46: 13 | C46: 9 | F46: 22 | G46: 59.09 | H46: 59.09
A47: Подъемник коленчатый дизельный Dingli BA41RT | B47: 8 | C47: 1 | F47: 9 | G47: 88.89 | H47: 88.89
A48: Подъемник коленчатый дизельный Dingli BA44RT | B48: 54 | C48: 10 | F48: 64 | G48: 84.38 | H48: 84.38
A49: Подъемник коленчатый дизельный LGMG AR14J | B49: 10 | C49: 2 | E49: 1 | F49: 13 | G49: 83.33 | H49: 76.92
A50: Подъемник коленчатый дизельный LGMG AR16J | B50: 12 | C50: 4 | D50: 1 | E50: 5 | F50: 22 | G50: 70.59 | H50: 54.55
A51: Подъемник коленчатый дизельный Sinoboom AB15J | B51: 66 | C51: 3 | E51: 1 | F51: 70 | G51: 95.65 | H51: 94.29
A52: Подъемник коленчатый дизельный Sinoboom AB18J | B52: 94 | C52: 20 | E52: 4 | F52: 118 | G52: 82.46 | H52: 79.66
A53: Подъёмник коленчатый дизельный Sinoboom AB25J | B53: 3 | C53: 2 | F53: 5 | G53: 60 | H53: 60
A54: Подъемник коленчатый дизельный Sinoboom AB26J Plus | B54: 48 | C54: 12 | F54: 60 | G54: 80 | H54: 80
A55: Подъемник коленчатый дизельный Sinoboom AB46RJ | B55: 3 | C55: 1 | F55: 4 | G55: 75 | H55: 75
A56: Подъемник коленчатый дизельный Zoomlion ZA14J | B56: 151 | C56: 28 | D56: 2 | E56: 2 | F56: 183 | G56: 83.43 | H56: 82.51
A57: Подъемник коленчатый дизельный Zoomlion ZA20J | B57: 193 | C57: 27 | E57: 5 | F57: 225 | G57: 87.73 | H57: 85.78
A58: Подъемник коленчатый дизельный Zoomlion ZA24J | B58: 111 | C58: 27 | D58: 1 | E58: 4 | F58: 143 | G58: 79.86 | H58: 77.62
A59: Подъемник коленчатый дизельный Zoomlion ZA32J | B59: 126 | C59: 15 | E59: 3 | F59: 144 | G59: 89.36 | H59: 87.5
A60: Подъемник коленчатый электрический Aurora ART3.8JE(F) | B60: 18 | C60: 4 | E60: 1 | F60: 23 | G60: 81.82 | H60: 78.26
A61: Подъемник коленчатый электрический Dingli BA18NE | B61: 14 | C61: 8 | E61: 1 | F61: 23 | G61: 63.64 | H61: 60.87
A62: Подъемник коленчатый электрический Dingli BA22CERT2 | B62: 10 | C62: 3 | F62: 13 | G62: 76.92 | H62: 76.92
A63: Подъемник коленчатый электрический Dingli BA22ERT | B63: 5 | C63: 2 | F63: 7 | G63: 71.43 | H63: 71.43
A64: Подъемник коленчатый электрический LGMG A14JE | B64: 8 | C64: 7 | F64: 15 | G64: 53.33 | H64: 53.33
A65: Подъемник коленчатый электрический Sinoboom AB14EJ | B65: 20 | C65: 11 | F65: 31 | G65: 64.52 | H65: 64.52
A66: Подъемник коленчатый электрический Sinoboom AB16EJ | B66: 38 | C66: 14 | F66: 52 | G66: 73.08 | H66: 73.08
A67: Подъемник коленчатый электрический Zoomlion ZA10RJE | B67: 2 | F67: 2 | G67: 100 | H67: 100
A68: Подъемник коленчатый электрический Zoomlion ZA14JE | B68: 33 | C68: 4 | F68: 37 | G68: 89.19 | H68: 89.19
A69: Подъемник коленчатый электрический Zoomlion ZA14NJE | B69: 22 | C69: 3 | D69: 1 | E69: 1 | F69: 27 | G69: 84.62 | H69: 81.48
A70: Подъемник коленчатый электрический Zoomlion ZA20JE | B70: 5 | C70: 2 | F70: 7 | G70: 71.43 | H70: 71.43
A71: Подъемник коленчатый электрический Zoomlion ZA20JERT | B71: 21 | C71: 5 | D71: 1 | F71: 27 | G71: 77.78 | H71: 77.78
A72: Подъемник мачтовый электрический Dingli AMWP11.5-8100 | B72: 3 | C72: 4 | E72: 1 | F72: 8 | G72: 42.86 | H72: 37.5
A73: Подъемник мачтовый электрический Dingli AMWP11.5-8100AC | B73: 10 | C73: 6 | F73: 16 | G73: 62.5 | H73: 62.5
A74: Подъемник мачтовый электрический Dingli AMWP11.5-8200AC | B74: 6 | C74: 1 | F74: 7 | G74: 85.71 | H74: 85.71
A75: Подъемник ножничный электрический MAGNI ES1412E | B75: 1 | C75: 1 | E75: 1 | F75: 3 | G75: 50 | H75: 33.33
A76: Подъемник ножничный электрический MAGNI ES1612E | B76: 1 | F76: 1 | G76: 100 | H76: 100
A77: Подъёмник ножничный электрический Manitou Maniaccess 100 SEC | B77: 0 | E77: 1 | F77: 1 | H77: 0
A78: Подъемник ножничный дизельный Dingli JCPT1218RT | B78: 2 | F78: 2 | G78: 100 | H78: 100
A79: Подъемник ножничный дизельный Dingli JCPT1418RT | B79: 79 | C79: 46 | D79: 2 | F79: 127 | G79: 62.2 | H79: 62.2
A80: Подъемник ножничный дизельный Dingli JCPT1823RTB | B80: 8 | C80: 3 | F80: 11 | G80: 72.73 | H80: 72.73
A81: Подъемник ножничный дизельный Dingli JCPT1823RTL | B81: 29 | C81: 5 | F81: 34 | G81: 85.29 | H81: 85.29
A82: Подъемник ножничный дизельный LGMG AS1623RT | B82: 1 | F82: 1 | G82: 100 | H82: 100
A83: Подъемник ножничный дизельный LGMG SR1218D | B83: 10 | C83: 4 | D83: 1 | E83: 1 | F83: 16 | G83: 66.67 | H83: 62.5
A84: Подъемник ножничный дизельный LGMG SR1323D | B84: 6 | C84: 3 | F84: 9 | G84: 66.67 | H84: 66.67
A85: Подъемник ножничный дизельный LGMG SR1623D | B85: 31 | C85: 5 | E85: 2 | F85: 38 | G85: 86.11 | H85: 81.58
A86: Подъемник ножничный дизельный Sinoboom 1323RD | B86: 0 | C86: 8 | F86: 8 | H86: 0
A87: Подъемник ножничный дизельный Sinoboom 1623RD | B87: 68 | C87: 10 | F87: 78 | G87: 87.18 | H87: 87.18
A88: Подъемник ножничный дизельный Zoomlion ZS1623RT | B88: 107 | C88: 13 | E88: 4 | F88: 124 | G88: 89.17 | H88: 86.29
A89: Подъемник ножничный электрический Aurora AS0607(H)-Li | B89: 76 | C89: 27 | E89: 1 | F89: 104 | G89: 73.79 | H89: 73.08
A90: Подъемник ножничный электрический Aurora AS0607W(H) | B90: 6 | C90: 2 | F90: 8 | G90: 75 | H90: 75
A91: Подъемник ножничный электрический Aurora AS0607W(H)-Li | B91: 47 | C91: 5 | F91: 52 | G91: 90.38 | H91: 90.38
A92: Подъемник ножничный электрический Aurora AS0608(CF) | B92: 15 | C92: 3 | F92: 18 | G92: 83.33 | H92: 83.33
A93: Подъемник ножничный электрический Aurora AS0808(H) | B93: 23 | C93: 5 | F93: 28 | G93: 82.14 | H93: 82.14
A94: Подъемник ножничный электрический Aurora AS0808(H)-Li | B94: 17 | C94: 20 | F94: 37 | G94: 45.95 | H94: 45.95
A95: Подъемник ножничный электрический Aurora AS0812(H) | B95: 38 | C95: 14 | E95: 1 | F95: 53 | G95: 73.08 | H95: 71.7
A96: Подъемник ножничный электрический Aurora AS0812(H)-Li | B96: 40 | C96: 13 | F96: 53 | G96: 75.47 | H96: 75.47
A97: Подъемник ножничный электрический Aurora AS1012(H) | B97: 29 | C97: 9 | F97: 38 | G97: 76.32 | H97: 76.32
A98: Подъемник ножничный электрический Aurora AS1012(H)-Li | B98: 90 | C98: 29 | D98: 1 | E98: 4 | F98: 124 | G98: 75 | H98: 72.58
A99: Подъемник ножничный электрический Aurora AS1212 (RS) | B99: 24 | C99: 3 | F99: 27 | G99: 88.89 | H99: 88.89
A100: Подъемник ножничный электрический Aurora AS1212(H) | B100: 19 | C100: 8 | D100: 1 | F100: 28 | G100: 67.86 | H100: 67.86
...

Sheet 31.08.25
A1: Номенклатура | B1: Итого
B2: В аренде, шт | C2: На складе, шт | D2: Рем зона | E2: Брак | F2: Всего, шт | G2: Утилизация без брака, % | H2: Утилизация, %
A3: Подъемник коленчатый электрический Genie Z-33/18 | B3: 10 | C3: 4 | E3: 2 | F3: 16 | G3: 71.43 | H3: 62.5
A4: Подъемник коленчатый дизельный Genie Z-45/25 | B4: 1 | F4: 1 | G4: 100 | H4: 100
A5: Подъемник коленчатый электрический Genie Z-45/25J DC | B5: 9 | C5: 2 | E5: 2 | F5: 13 | G5: 81.82 | H5: 69.23
A6: Подъемник коленчатый дизельный Genie Z-51/30J | B6: 4 | C6: 2 | F6: 6 | G6: 66.67 | H6: 66.67
A7: Подъемник коленчатый дизельный Genie Z-62/40 | B7: 1 | C7: 1 | F7: 2 | G7: 50 | H7: 50
A8: Подъемник коленчатый электрический HAULOTTE HA12 IP | B8: 1 | F8: 1 | G8: 100 | H8: 100
A9: Подъемник коленчатый электрический HAULOTTE HA15 IP | B9: 4 | C9: 3 | F9: 7 | G9: 57.14 | H9: 57.14
A10: Подъемник коленчатый дизельный HAULOTTE HA16RTJ | B10: 1 | C10: 1 | F10: 2 | G10: 50 | H10: 50
A11: Подъемник коленчатый дизельный HAULOTTE HA20RTJ | B11: 5 | E11: 2 | F11: 7 | G11: 100 | H11: 71.43
A12: Подъемник коленчатый дизельный HAULOTTE HA26RTJ PRO | B12: 6 | F12: 6 | G12: 100 | H12: 100
A13: Подъемник коленчатый дизельный JLG 520AJ | B13: 7 | C13: 1 | E13: 1 | F13: 9 | G13: 87.5 | H13: 77.78
A14: Подъемник коленчатый дизельный JLG 600AJ | B14: 1 | C14: 2 | F14: 3 | G14: 33.33 | H14: 33.33
A15: Подъемник коленчатый электрический JLG E450AJ | B15: 1 | C15: 1 | F15: 2 | G15: 50 | H15: 50
A16: Подъемник коленчатый дизельный MANITOU 200 ATJ-X | B16: 1 | C16: 2 | F16: 3 | G16: 33.33 | H16: 33.33
A17: Подъемник коленчатый дизельный MANITOU 180 ATJ | B17: 1 | F17: 1 | G17: 100 | H17: 100
A18: Подъемник мачтовый электрический Aurora AMWP3.6-6100 (Rees) | B18: 2 | C18: 3 | F18: 5 | G18: 40 | H18: 40
A19: Подъемник мачтовый электрический Aurora AMWP4.8-6100 (Rees) | B19: 2 | C19: 2 | E19: 1 | F19: 5 | G19: 50 | H19: 40
A20: Подъемник мачтовый электрический Aurora AMWP7.5-1100 (Rees) | B20: 0 | E20: 1 | F20: 1 | H20: 0
A21: Подъемник мачтовый электрический Aurora AMWP7.5-2100 (Rees) | B21: 0 | C21: 2 | F21: 2 | H21: 0
A22: Подъемник мачтовый электрический Aurora AMWP9-2100 (Rees) | B22: 1 | F22: 1 | G22: 100 | H22: 100
A23: Подъемник ножничный электрический Aurora AS0808 (RS) | B23: 78 | C23: 23 | E23: 1 | F23: 102 | G23: 77.23 | H23: 76.47
A24: Подъемник ножничный электрический Aurora AS1012 (RS) | B24: 17 | C24: 6 | F24: 23 | G24: 73.91 | H24: 73.91
A25: Подъемник ножничный электрический Aurora JCPT0307 (Rees) | B25: 1 | C25: 2 | E25: 2 | F25: 5 | G25: 33.33 | H25: 20
A26: Подъемник ножничный электрический Aurora JCPT0407 (Rees) | B26: 4 | F26: 4 | G26: 100 | H26: 100
A27: Подъемник ножничный электрический Genie GS 2032 | B27: 2 | F27: 2 | G27: 100 | H27: 100
A28: Подъемник ножничный электрический Genie GS 2632 | B28: 0 | C28: 1 | F28: 1 | H28: 0
A29: Подъемник ножничный электрический Genie GS 3246 | B29: 3 | F29: 3 | G29: 100 | H29: 100
A30: Подъемник ножничный электрический Genie GS 4047 | B30: 1 | C30: 1 | F30: 2 | G30: 50 | H30: 50
A31: Подъемник ножничный электрический Haulotte COMPACT 10N | B31: 1 | C31: 1 | F31: 2 | G31: 50 | H31: 50
A32: Подъемник ножничный электрический HAULOTTE COMPACT 14 | B32: 2 | F32: 2 | G32: 100 | H32: 100
A33: Подъемник ножничный электрический JLG 2630ES | B33: 9 | F33: 9 | G33: 100 | H33: 100
A34: Подъемник ножничный электрический JLG R2632 | B34: 1 | F34: 1 | G34: 100 | H34: 100
A35: Подъемник ножничный электрический JLG R4045 | B35: 1 | F35: 1 | G35: 100 | H35: 100
A36: Подъемник ножничный электрический Zoomlion ZS1414DC | B36: 3 | C36: 2 | F36: 5 | G36: 60 | H36: 60
A37: Подъемник коленчатый дизельный Dingli BA16CRT2 | B37: 13 | C37: 4 | F37: 17 | G37: 76.47 | H37: 76.47
A38: Подъемник коленчатый дизельный Dingli BA16СRT | B38: 11 | C38: 1 | E38: 1 | F38: 13 | G38: 91.67 | H38: 84.62
A39: Подъемник коленчатый дизельный Dingli BA18CRT | B39: 7 | C39: 4 | D39: 2 | F39: 13 | G39: 53.85 | H39: 53.85
A40: Подъемник коленчатый дизельный Dingli BA18CRT2 | B40: 104 | C40: 26 | E40: 1 | F40: 131 | G40: 80 | H40: 79.39
A41: Подъемник коленчатый дизельный Dingli BA22CRT | B41: 11 | C41: 4 | F41: 15 | G41: 73.33 | H41: 73.33
A42: Подъемник коленчатый дизельный Dingli BA22CRT2 | B42: 23 | C42: 4 | F42: 27 | G42: 85.19 | H42: 85.19
A43: Подъемник коленчатый дизельный Dingli BA22CRT2 4WS | B43: 15 | C43: 12 | F43: 27 | G43: 55.56 | H43: 55.56
A44: Подъемник коленчатый дизельный Dingli BA28BRT | B44: 5 | C44: 1 | F44: 6 | G44: 83.33 | H44: 83.33
A45: Подъемник коленчатый дизельный Dingli BA28RT | B45: 67 | C45: 13 | E45: 1 | F45: 81 | G45: 83.75 | H45: 82.72
A46: Подъемник коленчатый дизельный Dingli BA36RT | B46: 15 | C46: 9 | F46: 24 | G46: 62.5 | H46: 62.5
A47: Подъемник коленчатый дизельный Dingli BA41RT | B47: 14 | C47: 3 | E47: 1 | F47: 18 | G47: 82.35 | H47: 77.78
A48: Подъемник коленчатый дизельный Dingli BA44RT | B48: 64 | C48: 13 | E48: 2 | F48: 79 | G48: 83.12 | H48: 81.01
A49: Подъемник коленчатый дизельный LGMG AR14J | B49: 8 | C49: 4 | E49: 1 | F49: 13 | G49: 66.67 | H49: 61.54
A50: Подъемник коленчатый дизельный LGMG AR16J | B50: 12 | C50: 5 | D50: 1 | E50: 4 | F50: 22 | G50: 66.67 | H50: 54.55
A51: Подъемник коленчатый дизельный Sinoboom AB15J | B51: 65 | C51: 11 | D51: 1 | E51: 1 | F51: 78 | G51: 84.42 | H51: 83.33
A52: Подъемник коленчатый дизельный Sinoboom AB18J | B52: 105 | C52: 32 | D52: 1 | E52: 3 | F52: 141 | G52: 76.09 | H52: 74.47
A53: Подъемник коленчатый дизельный Sinoboom AB22J Plus | B53: 4 | C53: 14 | E53: 1 | F53: 19 | G53: 22.22 | H53: 21.05
A54: Подъёмник коленчатый дизельный Sinoboom AB25J | B54: 4 | C54: 1 | F54: 5 | G54: 80 | H54: 80
A55: Подъемник коленчатый дизельный Sinoboom AB26J Plus | B55: 63 | C55: 19 | E55: 2 | F55: 84 | G55: 76.83 | H55: 75
A56: Подъемник коленчатый дизельный Sinoboom AB46RJ | B56: 13 | C56: 1 | F56: 14 | G56: 92.86 | H56: 92.86
A57: Подъемник коленчатый дизельный Zoomlion ZA14J | B57: 156 | C57: 34 | D57: 5 | E57: 1 | F57: 196 | G57: 80 | H57: 79.59
A58: Подъемник коленчатый дизельный Zoomlion ZA20J | B58: 196 | C58: 31 | E58: 3 | F58: 230 | G58: 86.34 | H58: 85.22
A59: Подъемник коленчатый дизельный Zoomlion ZA24J | B59: 116 | C59: 26 | E59: 6 | F59: 148 | G59: 81.69 | H59: 78.38
A60: Подъемник коленчатый дизельный Zoomlion ZA32J | B60: 123 | C60: 24 | D60: 1 | E60: 2 | F60: 150 | G60: 83.11 | H60: 82
A61: Подъемник коленчатый электрический Aurora ART3.8JE(F) | B61: 20 | C61: 2 | E61: 1 | F61: 23 | G61: 90.91 | H61: 86.96
A62: Подъемник коленчатый электрический Dingli BA18NE | B62: 13 | C62: 9 | E62: 1 | F62: 23 | G62: 59.09 | H62: 56.52
A63: Подъемник коленчатый электрический Dingli BA22CERT2 | B63: 8 | C63: 5 | F63: 13 | G63: 61.54 | H63: 61.54
A64: Подъемник коленчатый электрический Dingli BA22ERT | B64: 5 | C64: 2 | F64: 7 | G64: 71.43 | H64: 71.43
A65: Подъемник коленчатый электрический LGMG A14JE | B65: 11 | C65: 4 | F65: 15 | G65: 73.33 | H65: 73.33
A66: Подъемник коленчатый электрический Sinoboom AB14EJ | B66: 29 | C66: 19 | F66: 48 | G66: 60.42 | H66: 60.42
A67: Подъемник коленчатый электрический Sinoboom AB16EJ | B67: 48 | C67: 30 | F67: 78 | G67: 61.54 | H67: 61.54
A68: Подъемник коленчатый электрический Zoomlion ZA10RJE | B68: 2 | F68: 2 | G68: 100 | H68: 100
A69: Подъемник коленчатый электрический Zoomlion ZA14JE | B69: 29 | C69: 7 | D69: 1 | F69: 37 | G69: 78.38 | H69: 78.38
A70: Подъемник коленчатый электрический Zoomlion ZA14NJE | B70: 23 | C70: 3 | D70: 1 | F70: 27 | G70: 85.19 | H70: 85.19
A71: Подъемник коленчатый электрический Zoomlion ZA20JE | B71: 5 | C71: 2 | F71: 7 | G71: 71.43 | H71: 71.43
A72: Подъемник коленчатый электрический Zoomlion ZA20JERT | B72: 17 | C72: 14 | F72: 31 | G72: 54.84 | H72: 54.84
A73: Подъемник коленчатый электрический Zoomlion ZA20JERT-Li | B73: 0 | C73: 1 | F73: 1 | H73: 0
A74: Подъемник мачтовый электрический Dingli AMWP11.5-8100 | B74: 4 | C74: 3 | E74: 1 | F74: 8 | G74: 57.14 | H74: 50
A75: Подъемник мачтовый электрический Dingli AMWP11.5-8100AC | B75: 10 | C75: 6 | F75: 16 | G75: 62.5 | H75: 62.5
A76: Подъемник мачтовый электрический Dingli AMWP11.5-8200AC | B76: 8 | C76: 3 | F76: 11 | G76: 72.73 | H76: 72.73
A77: Подъемник мачтовый электрический Sinoboom ML08EJ | B77: 2 | F77: 2 | G77: 100 | H77: 100
A78: Подъемник ножничный электрический MAGNI ES1412E | B78: 2 | E78: 1 | F78: 3 | G78: 100 | H78: 66.67
A79: Подъемник ножничный электрический MAGNI ES1612E | B79: 1 | F79: 1 | G79: 100 | H79: 100
A80: Подъёмник ножничный электрический Manitou Maniaccess 100 SEC | B80: 0 | E80: 1 | F80: 1 | H80: 0
A81: Подъемник ножничный дизельный Dingli JCPT1218RT | B81: 2 | F81: 2 | G81: 100 | H81: 100
A82: Подъемник ножничный дизельный Dingli JCPT1418RT | B82: 71 | C82: 69 | D82: 1 | E82: 1 | F82: 142 | G82: 50.35 | H82: 50
A83: Подъемник ножничный дизельный Dingli JCPT1823RTB | B83: 10 | C83: 1 | F83: 11 | G83: 90.91 | H83: 90.91
A84: Подъемник ножничный дизельный Dingli JCPT1823RTL | B84: 32 | C84: 2 | F84: 34 | G84: 94.12 | H84: 94.12
A85: Подъемник ножничный дизельный LGMG AS1623RT | B85: 1 | F85: 1 | G85: 100 | H85: 100
A86: Подъемник ножничный дизельный LGMG SR1218D | B86: 10 | C86: 3 | D86: 2 | E86: 1 | F86: 16 | G86: 66.67 | H86: 62.5
A87: Подъемник ножничный дизельный LGMG SR1323D | B87: 7 | C87: 2 | F87: 9 | G87: 77.78 | H87: 77.78
A88: Подъемник ножничный дизельный LGMG SR1623D | B88: 31 | C88: 5 | D88: 1 | E88: 1 | F88: 38 | G88: 83.78 | H88: 81.58
A89: Подъемник ножничный дизельный Sinoboom 1323RD | B89: 5 | C89: 5 | F89: 10 | G89: 50 | H89: 50
A90: Подъемник ножничный дизельный Sinoboom 1623RD | B90: 73 | C90: 11 | F90: 84 | G90: 86.9 | H90: 86.9
A91: Подъемник ножничный дизельный Zoomlion ZS1623RT | B91: 112 | C91: 14 | E91: 2 | F91: 128 | G91: 88.89 | H91: 87.5
A92: Подъемник ножничный электрический Aurora AS0607(H)-Li | B92: 77 | C92: 28 | E92: 1 | F92: 106 | G92: 73.33 | H92: 72.64
A93: Подъемник ножничный электрический Aurora AS0607W(H) | B93: 7 | C93: 1 | F93: 8 | G93: 87.5 | H93: 87.5
A94: Подъемник ножничный электрический Aurora AS0607W(H)-Li | B94: 40 | C94: 12 | F94: 52 | G94: 76.92 | H94: 76.92
A95: Подъемник ножничный электрический Aurora AS0608(CF) | B95: 16 | C95: 2 | F95: 18 | G95: 88.89 | H95: 88.89
A96: Подъемник ножничный электрический Aurora AS0808(H) | B96: 23 | C96: 6 | F96: 29 | G96: 79.31 | H96: 79.31
A97: Подъемник ножничный электрический Aurora AS0808(H)-Li | B97: 29 | C97: 16 | F97: 45 | G97: 64.44 | H97: 64.44
A98: Подъемник ножничный электрический Aurora AS0812(H) | B98: 24 | C98: 25 | D98: 4 | F98: 53 | G98: 45.28 | H98: 45.28
A99: Подъемник ножничный электрический Aurora AS0812(H)-Li | B99: 35 | C99: 22 | D99: 4 | F99: 61 | G99: 57.38 | H99: 57.38
A100: Подъемник ножничный электрический Aurora AS1012(H) | B100: 34 | C100: 6 | D100: 1 | F100: 41 | G100: 82.93 | H100: 82.93
...

Sheet 30.09.25
A1: Номенклатура | B1: Итого
B2: В аренде, шт | C2: На складе, шт | D2: Рем зона | E2: Брак | F2: Всего, шт | G2: Утилизация без брака, % | H2: Утилизация, %
